"Arn","AttachmentCount","CreateDate","DefaultVersionId","Description","IsAttachable","Path","PermissionsBoundaryUsageCount","PolicyId","PolicyName","UpdateDate"
"arn:aws:iam::aws:policy/AWSDirectConnectReadOnlyAccess","0","2/6/15 12:40:08 PM","v2",,"True","/","0","ANPAI23HZ27SI6FQMGNQ2","AWSDirectConnectReadOnlyAccess","8/15/18 12:28:44 PM"
"arn:aws:iam::aws:policy/AmazonGlacierReadOnlyAccess","0","2/6/15 12:40:27 PM","v2",,"True","/","0","ANPAI2D5NJKMU274MET4E","AmazonGlacierReadOnlyAccess","5/5/16 1:46:10 PM"
"arn:aws:iam::aws:policy/AWSMarketplaceFullAccess","0","2/11/15 11:21:45 AM","v3",,"True","/","0","ANPAI2DV5ULJSO2FYVPYG","AWSMarketplaceFullAccess","8/8/18 4:13:02 PM"
"arn:aws:iam::aws:policy/aws-service-role/ClientVPNServiceRolePolicy","0","12/10/18 3:20:25 PM","v2",,"True","/aws-service-role/","0","ANPAI2SV25KUCYQYS5N74","ClientVPNServiceRolePolicy","1/16/19 4:22:28 PM"
"arn:aws:iam::aws:policy/AWSSSODirectoryAdministrator","0","10/31/18 6:54:00 PM","v1",,"True","/","0","ANPAI2TCZRD7WRD5D2E2Q","AWSSSODirectoryAdministrator","10/31/18 6:54:00 PM"
"arn:aws:iam::aws:policy/AWSIoT1ClickReadOnlyAccess","0","5/11/18 4:49:24 PM","v1",,"True","/","0","ANPAI35VTLD3EBNY2JGXS","AWSIoT1ClickReadOnlyAccess","5/11/18 4:49:24 PM"
"arn:aws:iam::aws:policy/AutoScalingConsoleReadOnlyAccess","0","1/12/17 1:48:53 PM","v1",,"True","/","0","ANPAI3A7GDXOYQV3VUQMK","AutoScalingConsoleReadOnlyAccess","1/12/17 1:48:53 PM"
"arn:aws:iam::aws:policy/service-role/AmazonDMSRedshiftS3Role","0","4/20/16 12:05:56 PM","v1",,"True","/service-role/","0","ANPAI3CCUQ4U5WNC5F6B6","AmazonDMSRedshiftS3Role","4/20/16 12:05:56 PM"
"arn:aws:iam::aws:policy/service-role/AWSQuickSightListIAM","0","11/10/15 5:25:07 PM","v1",,"True","/service-role/","0","ANPAI3CH5UUWZN4EKGILO","AWSQuickSightListIAM","11/10/15 5:25:07 PM"
"arn:aws:iam::aws:policy/AWSHealthFullAccess","0","12/6/16 6:30:31 AM","v1",,"True","/","0","ANPAI3CUMPCPEUPCSXC4Y","AWSHealthFullAccess","12/6/16 6:30:31 AM"
"arn:aws:iam::aws:policy/AlexaForBusinessGatewayExecution","0","11/30/17 10:47:19 AM","v1",,"True","/","0","ANPAI3LZ7YP7KHLG4DT2Q","AlexaForBusinessGatewayExecution","11/30/17 10:47:19 AM"
"arn:aws:iam::aws:policy/AmazonElasticTranscoder_ReadOnlyAccess","0","6/7/18 4:09:56 PM","v1",,"True","/","0","ANPAI3R3CR6KVEWD4DPFY","AmazonElasticTranscoder_ReadOnlyAccess","6/7/18 4:09:56 PM"
"arn:aws:iam::aws:policy/AmazonRDSFullAccess","0","2/6/15 12:40:52 PM","v6",,"True","/","0","ANPAI3R4QMOG6Q5A4VWVG","AmazonRDSFullAccess","4/9/18 12:42:48 PM"
"arn:aws:iam::aws:policy/job-function/SupportUser","0","11/10/16 11:21:53 AM","v2",,"True","/job-function/","0","ANPAI3V4GSSN5SJY3P2RO","SupportUser","5/17/17 6:11:51 PM"
"arn:aws:iam::aws:policy/AmazonEC2FullAccess","0","2/6/15 12:40:15 PM","v5",,"True","/","0","ANPAI3VAJF5ZCRZ7MCQE6","AmazonEC2FullAccess","11/26/18 8:16:56 PM"
"arn:aws:iam::aws:policy/SecretsManagerReadWrite","0","4/4/18 1:05:29 PM","v2",,"True","/","0","ANPAI3VG7CI5BIQZQ6G2E","SecretsManagerReadWrite","5/3/18 3:02:35 PM"
"arn:aws:iam::aws:policy/service-role/AWSIoTThingsRegistration","0","12/1/17 2:21:52 PM","v1",,"True","/service-role/","0","ANPAI3YQXTC5XAEVTJNEU","AWSIoTThingsRegistration","12/1/17 2:21:52 PM"
"arn:aws:iam::aws:policy/AmazonDocDBReadOnlyAccess","0","1/9/19 2:30:28 PM","v1",,"True","/","0","ANPAI477RMVACLTLWY5RQ","AmazonDocDBReadOnlyAccess","1/9/19 2:30:28 PM"
"arn:aws:iam::aws:policy/AWSElasticBeanstalkReadOnlyAccess","0","2/6/15 12:40:19 PM","v1",,"True","/","0","ANPAI47KNGXDAXFD4SDHG","AWSElasticBeanstalkReadOnlyAccess","2/6/15 12:40:19 PM"
"arn:aws:iam::aws:policy/AmazonMQApiFullAccess","0","12/18/18 2:31:31 PM","v1",,"True","/","0","ANPAI4CMO533EBV3L2GW4","AmazonMQApiFullAccess","12/18/18 2:31:31 PM"
"arn:aws:iam::aws:policy/AWSElementalMediaStoreReadOnly","0","3/8/18 1:48:22 PM","v1",,"True","/","0","ANPAI4EFXRATQYOFTAEFM","AWSElementalMediaStoreReadOnly","3/8/18 1:48:22 PM"
"arn:aws:iam::aws:policy/AWSCertificateManagerReadOnly","0","1/21/16 11:07:33 AM","v2",,"True","/","0","ANPAI4GSWX6S4MESJ3EWC","AWSCertificateManagerReadOnly","4/21/16 10:08:16 AM"
"arn:aws:iam::aws:policy/service-role/AWSQuicksightAthenaAccess","0","12/8/16 8:31:03 PM","v4",,"True","/service-role/","0","ANPAI4JB77JXFQXDWNRPM","AWSQuicksightAthenaAccess","8/7/18 3:24:55 PM"
"arn:aws:iam::aws:policy/AWSCloudMapRegisterInstanceAccess","0","11/28/18 6:04:57 PM","v1",,"True","/","0","ANPAI4P5Z5HXVWJ75WQBC","AWSCloudMapRegisterInstanceAccess","11/28/18 6:04:57 PM"
"arn:aws:iam::aws:policy/AWSMarketplaceImageBuildFullAccess","0","7/31/18 6:29:49 PM","v2",,"True","/","0","ANPAI4QBMJWC3BNHBHN6I","AWSMarketplaceImageBuildFullAccess","8/8/18 4:11:59 PM"
"arn:aws:iam::aws:policy/AWSCodeCommitPowerUser","0","7/9/15 12:06:49 PM","v4",,"True","/","0","ANPAI4UIINUVGB5SEC57G","AWSCodeCommitPowerUser","11/20/17 2:02:27 PM"
"arn:aws:iam::aws:policy/AWSCodeCommitFullAccess","0","7/9/15 12:02:19 PM","v2",,"True","/","0","ANPAI4VCZ3XPIZLQ5NZV2","AWSCodeCommitFullAccess","11/20/17 2:04:31 PM"
"arn:aws:iam::aws:policy/IAMSelfManageServiceSpecificCredentials","0","12/22/16 11:25:18 AM","v1",,"True","/","0","ANPAI4VT74EMXK2PMQJM2","IAMSelfManageServiceSpecificCredentials","12/22/16 11:25:18 AM"
"arn:aws:iam::aws:policy/aws-service-role/AmazonEMRCleanupPolicy","0","9/26/17 6:54:19 PM","v1",,"True","/aws-service-role/","0","ANPAI4YEZURRMKACW56EA","AmazonEMRCleanupPolicy","9/26/17 6:54:19 PM"
"arn:aws:iam::aws:policy/AWSCloud9EnvironmentMember","0","11/30/17 10:18:28 AM","v1",,"True","/","0","ANPAI54ULAIPVT5HFTYGK","AWSCloud9EnvironmentMember","11/30/17 10:18:28 AM"
"arn:aws:iam::aws:policy/aws-service-role/AWSApplicationAutoscalingSageMakerEndpointPolicy","0","2/6/18 1:58:21 PM","v1",,"True","/aws-service-role/","0","ANPAI5DBEBNRZQ4SXYTAW","AWSApplicationAutoscalingSageMakerEndpointPolicy","2/6/18 1:58:21 PM"
"arn:aws:iam::aws:policy/aws-service-role/FMSServiceRolePolicy","0","3/28/18 6:01:12 PM","v7",,"True","/aws-service-role/","0","ANPAI62NTGYJB446ACUEA","FMSServiceRolePolicy","3/8/19 12:02:51 PM"
"arn:aws:iam::aws:policy/AmazonSQSFullAccess","0","2/6/15 12:41:07 PM","v1",,"True","/","0","ANPAI65L554VRJ33ECQS6","AmazonSQSFullAccess","2/6/15 12:41:07 PM"
"arn:aws:iam::aws:policy/AlexaForBusinessReadOnlyAccess","0","11/30/17 10:47:12 AM","v2",,"True","/","0","ANPAI6BKSTB4XMLPBFFJ2","AlexaForBusinessReadOnlyAccess","6/25/18 6:52:33 PM"
"arn:aws:iam::aws:policy/AWSLambdaFullAccess","0","2/6/15 12:40:45 PM","v8",,"True","/","0","ANPAI6E2CYYMI4XI7AA5K","AWSLambdaFullAccess","11/27/17 5:22:38 PM"
"arn:aws:iam::aws:policy/service-role/AWSIoTLogging","0","10/8/15 10:17:25 AM","v1",,"True","/service-role/","0","ANPAI6R6Z2FHHGS454W7W","AWSIoTLogging","10/8/15 10:17:25 AM"
"arn:aws:iam::aws:policy/service-role/AmazonEC2RoleforSSM","0","5/29/15 12:48:35 PM","v8",,"True","/service-role/","0","ANPAI6TL3SMY22S4KMMX6","AmazonEC2RoleforSSM","1/24/19 1:20:51 PM"
"arn:aws:iam::aws:policy/aws-service-role/AlexaForBusinessNetworkProfileServicePolicy","0","3/12/19 7:53:40 PM","v1",,"True","/aws-service-role/","0","ANPAI7GYBNGIZU2EDSMGQ","AlexaForBusinessNetworkProfileServicePolicy","3/12/19 7:53:40 PM"
"arn:aws:iam::aws:policy/service-role/AWSCloudHSMRole","0","2/6/15 12:41:23 PM","v1",,"True","/service-role/","0","ANPAI7QIUU4GC66SF26WE","AWSCloudHSMRole","2/6/15 12:41:23 PM"
"arn:aws:iam::aws:policy/aws-service-role/AWSEnhancedClassicNetworkingMangementPolicy","0","9/20/17 12:29:09 PM","v1",,"True","/aws-service-role/","0","ANPAI7T4V2HZTS72QVO52","AWSEnhancedClassicNetworkingMangementPolicy","9/20/17 12:29:09 PM"
"arn:aws:iam::aws:policy/IAMFullAccess","0","2/6/15 12:40:38 PM","v1",,"True","/","0","ANPAI7XKCFMBPM3QQRRVQ","IAMFullAccess","2/6/15 12:40:38 PM"
"arn:aws:iam::aws:policy/AmazonInspectorFullAccess","0","10/7/15 12:08:04 PM","v5",,"True","/","0","ANPAI7Y6NTA27NWNA5U5E","AmazonInspectorFullAccess","12/21/17 8:53:31 AM"
"arn:aws:iam::aws:policy/AmazonElastiCacheFullAccess","0","2/6/15 12:40:20 PM","v2",,"True","/","0","ANPAIA2V44CPHAUAAECKG","AmazonElastiCacheFullAccess","12/7/17 11:48:26 AM"
"arn:aws:iam::aws:policy/AWSAgentlessDiscoveryService","0","8/1/16 8:35:11 PM","v1",,"True","/","0","ANPAIA3DIL7BYQ35ISM4K","AWSAgentlessDiscoveryService","8/1/16 8:35:11 PM"
"arn:aws:iam::aws:policy/AWSXrayWriteOnlyAccess","0","12/1/16 12:19:53 PM","v2",,"True","/","0","ANPAIAACM4LMYSRGBCTM6","AWSXrayWriteOnlyAccess","8/28/18 6:03:04 PM"
"arn:aws:iam::aws:policy/AWSPriceListServiceFullAccess","0","11/21/17 6:36:27 PM","v1",,"True","/","0","ANPAIADJ4GBYNHKABML3Q","AWSPriceListServiceFullAccess","11/21/17 6:36:27 PM"
"arn:aws:iam::aws:policy/aws-service-role/AWSKeyManagementServiceCustomKeyStoresServiceRolePolicy","0","11/14/18 2:10:53 PM","v1",,"True","/aws-service-role/","0","ANPAIADMJEHVVYK5AUQOO","AWSKeyManagementServiceCustomKeyStoresServiceRolePolicy","11/14/18 2:10:53 PM"
"arn:aws:iam::aws:policy/AutoScalingReadOnlyAccess","0","1/12/17 1:39:35 PM","v1",,"True","/","0","ANPAIAFWUVLC2LPLSFTFG","AutoScalingReadOnlyAccess","1/12/17 1:39:35 PM"
"arn:aws:iam::aws:policy/AmazonForecastFullAccess","0","1/17/19 7:52:29 PM","v1",,"True","/","0","ANPAIAKOTFNTUECQVU7C4","AmazonForecastFullAccess","1/17/19 7:52:29 PM"
"arn:aws:iam::aws:policy/AmazonWorkLinkReadOnly","0","1/23/19 1:07:10 PM","v1",,"True","/","0","ANPAIANQMFGU4EUUZKFQ4","AmazonWorkLinkReadOnly","1/23/19 1:07:10 PM"
"arn:aws:iam::aws:policy/TranslateFullAccess","0","11/27/18 5:36:20 PM","v1",,"True","/","0","ANPAIAPOAEI2VFQYUK5RY","TranslateFullAccess","11/27/18 5:36:20 PM"
"arn:aws:iam::aws:policy/AutoScalingFullAccess","0","1/12/17 1:31:58 PM","v2",,"True","/","0","ANPAIAWRCSJDDXDXGPCFU","AutoScalingFullAccess","2/6/18 3:59:13 PM"
"arn:aws:iam::aws:policy/service-role/AmazonEC2RoleforAWSCodeDeploy","0","5/19/15 1:10:14 PM","v2",,"True","/service-role/","0","ANPAIAZKXZ27TAJ4PVWGK","AmazonEC2RoleforAWSCodeDeploy","3/20/17 12:14:10 PM"
"arn:aws:iam::aws:policy/AWSFMMemberReadOnlyAccess","0","5/9/18 4:05:29 PM","v1",,"True","/","0","ANPAIB2IVAQ4XXNHHA3DW","AWSFMMemberReadOnlyAccess","5/9/18 4:05:29 PM"
"arn:aws:iam::aws:policy/service-role/AmazonElasticMapReduceEditorsRole","0","11/16/18 3:55:25 PM","v1",,"True","/service-role/","0","ANPAIBI5CIE6OHUIGLYVG","AmazonElasticMapReduceEditorsRole","11/16/18 3:55:25 PM"
"arn:aws:iam::aws:policy/AmazonEKSClusterPolicy","0","5/27/18 4:06:14 PM","v2",,"True","/","0","ANPAIBTLDQMIC6UOIGFWA","AmazonEKSClusterPolicy","10/3/18 3:56:30 PM"
"arn:aws:iam::aws:policy/AmazonEKSWorkerNodePolicy","0","5/27/18 4:09:01 PM","v1",,"True","/","0","ANPAIBVMOY52IPQ6HD3PO","AmazonEKSWorkerNodePolicy","5/27/18 4:09:01 PM"
"arn:aws:iam::aws:policy/AWSMobileHub_ReadOnly","0","1/5/16 1:55:48 PM","v10",,"True","/","0","ANPAIBXVYVL3PWQFBZFGW","AWSMobileHub_ReadOnly","7/23/18 4:59:05 PM"
"arn:aws:iam::aws:policy/service-role/CloudWatchEventsBuiltInTargetExecutionAccess","0","1/14/16 12:35:49 PM","v1",,"True","/service-role/","0","ANPAIC5AQ5DATYSNF4AUM","CloudWatchEventsBuiltInTargetExecutionAccess","1/14/16 12:35:49 PM"
"arn:aws:iam::aws:policy/aws-service-role/AutoScalingServiceRolePolicy","0","1/8/18 5:10:55 PM","v2",,"True","/aws-service-role/","0","ANPAIC5D2V7MRWBMHGD7G","AutoScalingServiceRolePolicy","10/31/18 1:19:10 PM"
"arn:aws:iam::aws:policy/AmazonElasticTranscoder_FullAccess","0","4/27/18 1:59:35 PM","v1",,"True","/","0","ANPAICFT6XVF3RSR4E7JG","AmazonElasticTranscoder_FullAccess","4/27/18 1:59:35 PM"
"arn:aws:iam::aws:policy/AmazonCloudDirectoryReadOnlyAccess","0","2/28/17 5:42:06 PM","v1",,"True","/","0","ANPAICMSZQGR3O62KMD6M","AmazonCloudDirectoryReadOnlyAccess","2/28/17 5:42:06 PM"
"arn:aws:iam::aws:policy/CloudWatchAgentAdminPolicy","0","3/6/18 6:52:31 PM","v1",,"True","/","0","ANPAICMXPKT7EBAF6KR3O","CloudWatchAgentAdminPolicy","3/6/18 6:52:31 PM"
"arn:aws:iam::aws:policy/AWSOpsWorksFullAccess","0","2/6/15 12:40:48 PM","v1",,"True","/","0","ANPAICN26VXMXASXKOQCG","AWSOpsWorksFullAccess","2/6/15 12:40:48 PM"
"arn:aws:iam::aws:policy/AWSOpsWorksCMInstanceProfileRole","0","11/24/16 3:48:22 AM","v2",,"True","/","0","ANPAICSU3OSHCURP2WIZW","AWSOpsWorksCMInstanceProfileRole","11/3/17 7:01:32 AM"
"arn:aws:iam::aws:policy/service-role/AWSBatchServiceEventTargetRole","0","2/28/18 4:31:13 PM","v1",,"True","/service-role/","0","ANPAICVHHZ6XHNMA6VE3Q","AWSBatchServiceEventTargetRole","2/28/18 4:31:13 PM"
"arn:aws:iam::aws:policy/AWSCodePipelineApproverAccess","0","7/28/16 1:59:17 PM","v3",,"True","/","0","ANPAICXNWK42SQ6LMDXM2","AWSCodePipelineApproverAccess","8/2/17 12:24:58 PM"
"arn:aws:iam::aws:policy/AWSApplicationDiscoveryAgentAccess","0","5/11/16 4:38:47 PM","v1",,"True","/","0","ANPAICZIOVAGC6JPF3WHC","AWSApplicationDiscoveryAgentAccess","5/11/16 4:38:47 PM"
"arn:aws:iam::aws:policy/job-function/ViewOnlyAccess","0","11/10/16 11:20:15 AM","v7",,"True","/job-function/","0","ANPAID22R6XPJATWOFDK6","ViewOnlyAccess","10/15/18 1:34:54 PM"
"arn:aws:iam::aws:policy/AmazonMechanicalTurkCrowdReadOnlyAccess","0","10/5/17 1:10:56 PM","v1",,"True","/","0","ANPAID5UNRAAANDGAW4CY","AmazonMechanicalTurkCrowdReadOnlyAccess","10/5/17 1:10:56 PM"
"arn:aws:iam::aws:policy/service-role/AmazonElasticMapReduceRole","0","2/6/15 12:41:20 PM","v9",,"True","/service-role/","0","ANPAIDI2BQT2LKXZG36TW","AmazonElasticMapReduceRole","12/11/17 6:47:45 PM"
"arn:aws:iam::aws:policy/ElasticLoadBalancingFullAccess","0","9/20/18 3:42:07 PM","v3",,"True","/","0","ANPAIDPMLA3IUIOQCISJ4","ElasticLoadBalancingFullAccess","12/12/18 12:49:21 PM"
"arn:aws:iam::aws:policy/AmazonRoute53DomainsReadOnlyAccess","0","2/6/15 12:40:57 PM","v1",,"True","/","0","ANPAIDRINP6PPTRXYVQCI","AmazonRoute53DomainsReadOnlyAccess","2/6/15 12:40:57 PM"
"arn:aws:iam::aws:policy/AmazonSSMAutomationApproverAccess","0","8/7/17 6:07:28 PM","v1",,"True","/","0","ANPAIDSSXIRWBSLWWIORC","AmazonSSMAutomationApproverAccess","8/7/17 6:07:28 PM"
"arn:aws:iam::aws:policy/service-role/AWSOpsWorksRole","0","2/6/15 12:41:27 PM","v1",,"True","/service-role/","0","ANPAIDUTMOKHJFAPJV45W","AWSOpsWorksRole","2/6/15 12:41:27 PM"
"arn:aws:iam::aws:policy/AWSSecurityHubReadOnlyAccess","0","11/27/18 7:34:29 PM","v1",,"True","/","0","ANPAIEBAQNOFUCLFJ3UHG","AWSSecurityHubReadOnlyAccess","11/27/18 7:34:29 PM"
"arn:aws:iam::aws:policy/service-role/AWSConfigRoleForOrganizations","0","3/19/18 5:53:01 PM","v1",,"True","/service-role/","0","ANPAIEHGYAUTHXSXZAW2E","AWSConfigRoleForOrganizations","3/19/18 5:53:01 PM"
"arn:aws:iam::aws:policy/service-role/ApplicationAutoScalingForAmazonAppStreamAccess","0","2/6/17 3:39:56 PM","v1",,"True","/service-role/","0","ANPAIEL3HJCCWFVHA6KPG","ApplicationAutoScalingForAmazonAppStreamAccess","2/6/17 3:39:56 PM"
"arn:aws:iam::aws:policy/AmazonEC2ContainerRegistryFullAccess","0","12/21/15 11:06:48 AM","v2",,"True","/","0","ANPAIESRL7KD7IIVF6V4W","AmazonEC2ContainerRegistryFullAccess","11/10/17 11:54:49 AM"
"arn:aws:iam::aws:policy/AmazonFSxFullAccess","0","11/28/18 10:34:43 AM","v1",,"True","/","0","ANPAIEUV6Z2X4VNZRVB5I","AmazonFSxFullAccess","11/28/18 10:34:43 AM"
"arn:aws:iam::aws:policy/SimpleWorkflowFullAccess","0","2/6/15 12:41:04 PM","v1",,"True","/","0","ANPAIFE3AV6VE7EANYBVM","SimpleWorkflowFullAccess","2/6/15 12:41:04 PM"
"arn:aws:iam::aws:policy/service-role/GreengrassOTAUpdateArtifactAccess","0","11/29/17 12:11:47 PM","v2",,"True","/service-role/","0","ANPAIFGE66SKIK3GW5UC2","GreengrassOTAUpdateArtifactAccess","12/17/18 6:59:43 PM"
"arn:aws:iam::aws:policy/AmazonS3FullAccess","0","2/6/15 12:40:58 PM","v1",,"True","/","0","ANPAIFIR6V6BVTRAHWINE","AmazonS3FullAccess","2/6/15 12:40:58 PM"
"arn:aws:iam::aws:policy/AWSStorageGatewayReadOnlyAccess","0","2/6/15 12:41:10 PM","v1",,"True","/","0","ANPAIFKCTUVOPD5NICXJK","AWSStorageGatewayReadOnlyAccess","2/6/15 12:41:10 PM"
"arn:aws:iam::aws:policy/job-function/Billing","0","11/10/16 11:33:18 AM","v2",,"True","/job-function/","0","ANPAIFTHXT6FFMIRT7ZEA","Billing","2/6/18 5:46:37 PM"
"arn:aws:iam::aws:policy/service-role/QuickSightAccessForS3StorageManagementAnalyticsReadOnly","0","6/12/17 1:18:38 PM","v3",,"True","/service-role/","0","ANPAIFWG3L3WDMR4I7ZJW","QuickSightAccessForS3StorageManagementAnalyticsReadOnly","7/20/17 7:02:14 PM"
"arn:aws:iam::aws:policy/AmazonEC2ContainerRegistryReadOnly","0","12/21/15 11:04:15 AM","v2",,"True","/","0","ANPAIFYZPA37OOHVIH7KQ","AmazonEC2ContainerRegistryReadOnly","10/11/16 5:08:43 PM"
"arn:aws:iam::aws:policy/AWSRoboMakerFullAccess","0","11/25/18 11:28:10 PM","v1",,"True","/","0","ANPAIG7WQVUX3AGSKGBAO","AWSRoboMakerFullAccess","11/25/18 11:28:10 PM"
"arn:aws:iam::aws:policy/service-role/AmazonElasticMapReduceforEC2Role","0","2/6/15 12:41:21 PM","v3",,"True","/service-role/","0","ANPAIGALS5RCDLZLB3PGS","AmazonElasticMapReduceforEC2Role","8/11/17 6:57:30 PM"
"arn:aws:iam::aws:policy/job-function/DatabaseAdministrator","0","11/10/16 11:25:43 AM","v2",,"True","/job-function/","0","ANPAIGBMAW4VUQKOQNVT6","DatabaseAdministrator","1/7/19 6:48:02 PM"
"arn:aws:iam::aws:policy/AmazonRedshiftReadOnlyAccess","0","2/6/15 12:40:51 PM","v1",,"True","/","0","ANPAIGD46KSON64QBSEZM","AmazonRedshiftReadOnlyAccess","2/6/15 12:40:51 PM"
"arn:aws:iam::aws:policy/AmazonEC2ReadOnlyAccess","0","2/6/15 12:40:17 PM","v1",,"True","/","0","ANPAIGDT4SV4GSETWTBZK","AmazonEC2ReadOnlyAccess","2/6/15 12:40:17 PM"
"arn:aws:iam::aws:policy/CloudWatchAgentServerPolicy","0","3/6/18 7:06:44 PM","v1",,"True","/","0","ANPAIGOPKN7KRDAKTLG4I","CloudWatchAgentServerPolicy","3/6/18 7:06:44 PM"
"arn:aws:iam::aws:policy/AWSXrayReadOnlyAccess","0","12/1/16 12:27:02 PM","v3",,"True","/","0","ANPAIH4OFXWPS6ZX6OPGQ","AWSXrayReadOnlyAccess","11/20/18 5:06:16 PM"
"arn:aws:iam::aws:policy/service-role/AWSElasticBeanstalkEnhancedHealth","0","2/8/16 5:17:27 PM","v4",,"True","/service-role/","0","ANPAIH5EFJNMOGUUTKLFE","AWSElasticBeanstalkEnhancedHealth","4/9/18 5:12:53 PM"
"arn:aws:iam::aws:policy/WellArchitectedConsoleFullAccess","0","11/29/18 12:19:23 PM","v1",,"True","/","0","ANPAIH6HSBHM3VSYC5SKA","WellArchitectedConsoleFullAccess","11/29/18 12:19:23 PM"
"arn:aws:iam::aws:policy/AmazonElasticMapReduceReadOnlyAccess","0","2/6/15 12:40:23 PM","v2",,"True","/","0","ANPAIHP6NH2S6GYFCOINC","AmazonElasticMapReduceReadOnlyAccess","5/22/17 6:00:19 PM"
"arn:aws:iam::aws:policy/AWSDirectoryServiceReadOnlyAccess","0","2/6/15 12:41:12 PM","v4",,"True","/","0","ANPAIHWYO6WSDNCG64M2W","AWSDirectoryServiceReadOnlyAccess","9/25/18 4:54:01 PM"
"arn:aws:iam::aws:policy/AWSSSOMasterAccountAdministrator","0","6/27/18 3:36:51 PM","v3",,"True","/","0","ANPAIHXAQZIS3GOYIETUC","AWSSSOMasterAccountAdministrator","10/17/18 3:41:20 PM"
"arn:aws:iam::aws:policy/aws-service-role/AmazonGuardDutyServiceRolePolicy","0","11/28/17 2:12:59 PM","v1",,"True","/aws-service-role/","0","ANPAIHZREZOWNSSA6FWQO","AmazonGuardDutyServiceRolePolicy","11/28/17 2:12:59 PM"
"arn:aws:iam::aws:policy/AmazonVPCReadOnlyAccess","0","2/6/15 12:41:17 PM","v6",,"True","/","0","ANPAIICZJNOJN36GTG6CM","AmazonVPCReadOnlyAccess","3/7/18 12:34:42 PM"
"arn:aws:iam::aws:policy/aws-service-role/AWSElasticBeanstalkServiceRolePolicy","0","9/13/17 6:46:37 PM","v5",,"True","/aws-service-role/","0","ANPAIID62QSI3OSIPQXTM","AWSElasticBeanstalkServiceRolePolicy","4/9/18 5:06:23 PM"
"arn:aws:iam::aws:policy/service-role/ServerMigrationServiceLaunchRole","0","11/26/18 1:53:06 PM","v1",,"True","/service-role/","0","ANPAIIIAAMVUCBR2OLXZO","ServerMigrationServiceLaunchRole","11/26/18 1:53:06 PM"
"arn:aws:iam::aws:policy/AWSCodeDeployRoleForECS","0","11/27/18 2:40:57 PM","v2",,"True","/","0","ANPAIIL3KXEKRGEN2HFIO","AWSCodeDeployRoleForECS","12/19/18 11:57:04 AM"
"arn:aws:iam::aws:policy/CloudWatchEventsReadOnlyAccess","0","1/14/16 12:27:18 PM","v2",,"True","/","0","ANPAIILJPXXA6F7GYLYBS","CloudWatchEventsReadOnlyAccess","8/10/17 12:25:34 PM"
"arn:aws:iam::aws:policy/aws-service-role/AWSLambdaReplicator","0","5/23/17 12:53:03 PM","v3",,"True","/aws-service-role/","0","ANPAIIQFXZNNLL3E2HKTG","AWSLambdaReplicator","12/7/17 6:17:54 PM"
"arn:aws:iam::aws:policy/AmazonAPIGatewayInvokeFullAccess","0","7/9/15 12:36:12 PM","v2",,"True","/","0","ANPAIIWAX2NOOQJ4AIEQ6","AmazonAPIGatewayInvokeFullAccess","12/18/18 12:25:10 PM"
"arn:aws:iam::aws:policy/aws-service-role/AWSSSOServiceRolePolicy","0","12/5/17 12:36:15 PM","v5",,"True","/aws-service-role/","0","ANPAIJ52KSWOD4GI54XP2","AWSSSOServiceRolePolicy","2/5/19 12:20:34 PM"
"arn:aws:iam::aws:policy/aws-service-role/AWSLicenseManagerMasterAccountRolePolicy","0","11/26/18 1:03:51 PM","v1",,"True","/aws-service-role/","0","ANPAIJE2NOZW2BDEHYUH2","AWSLicenseManagerMasterAccountRolePolicy","11/26/18 1:03:51 PM"
"arn:aws:iam::aws:policy/AmazonKinesisAnalyticsReadOnly","0","9/21/16 1:16:43 PM","v1",,"True","/","0","ANPAIJIEXZAFUK43U7ARK","AmazonKinesisAnalyticsReadOnly","9/21/16 1:16:43 PM"
"arn:aws:iam::aws:policy/AmazonMobileAnalyticsFullAccess","0","2/6/15 12:40:34 PM","v1",,"True","/","0","ANPAIJIKLU2IJ7WJ6DZFG","AmazonMobileAnalyticsFullAccess","2/6/15 12:40:34 PM"
"arn:aws:iam::aws:policy/AWSMobileHub_FullAccess","0","1/5/16 1:56:01 PM","v13",,"True","/","0","ANPAIJLU43R6AGRBK76DM","AWSMobileHub_FullAccess","2/5/18 5:44:29 PM"
"arn:aws:iam::aws:policy/service-role/AmazonAPIGatewayPushToCloudWatchLogs","0","11/11/15 5:41:46 PM","v1",,"True","/service-role/","0","ANPAIK4GFO7HLKYN64ASK","AmazonAPIGatewayPushToCloudWatchLogs","11/11/15 5:41:46 PM"
"arn:aws:iam::aws:policy/service-role/AWSDataPipelineRole","0","2/6/15 12:41:24 PM","v6",,"True","/service-role/","0","ANPAIKCP6XS3ESGF4GLO2","AWSDataPipelineRole","12/22/17 5:43:28 PM"
"arn:aws:iam::aws:policy/CloudWatchFullAccess","0","2/6/15 12:40:00 PM","v3",,"True","/","0","ANPAIKEABORKUXN6DEAZU","CloudWatchFullAccess","8/9/18 2:10:43 PM"
"arn:aws:iam::aws:policy/AmazonMQApiReadOnlyAccess","0","12/18/18 2:31:13 PM","v1",,"True","/","0","ANPAIKI5JRHKAFHXQJKMO","AmazonMQApiReadOnlyAccess","12/18/18 2:31:13 PM"
"arn:aws:iam::aws:policy/AWSDeepLensLambdaFunctionAccessPolicy","0","11/29/17 9:47:18 AM","v3",,"True","/","0","ANPAIKIEE4PRM54V4G3ZG","AWSDeepLensLambdaFunctionAccessPolicy","5/29/18 5:08:02 PM"
"arn:aws:iam::aws:policy/AmazonGuardDutyFullAccess","0","11/28/17 4:31:30 PM","v1",,"True","/","0","ANPAIKUTKSN4KC63VDQUM","AmazonGuardDutyFullAccess","11/28/17 4:31:30 PM"
"arn:aws:iam::aws:policy/service-role/AmazonRDSDirectoryServiceAccess","0","2/25/16 8:02:05 PM","v1",,"True","/service-role/","0","ANPAIL4KBY57XWMYUHKUU","AmazonRDSDirectoryServiceAccess","2/25/16 8:02:05 PM"
"arn:aws:iam::aws:policy/AWSCodePipelineReadOnlyAccess","0","7/9/15 11:43:57 AM","v6",,"True","/","0","ANPAILFKZXIBOTNC5TO2Q","AWSCodePipelineReadOnlyAccess","8/2/17 12:25:18 PM"
"arn:aws:iam::aws:policy/ReadOnlyAccess","0","2/6/15 12:39:48 PM","v46",,"True","/","0","ANPAILL3HVNFSB6DCOWYQ","ReadOnlyAccess","3/4/19 5:53:09 PM"
"arn:aws:iam::aws:policy/AWSAppSyncInvokeFullAccess","0","3/20/18 4:21:20 PM","v1",,"True","/","0","ANPAILMPWRRZN27MPE3VM","AWSAppSyncInvokeFullAccess","3/20/18 4:21:20 PM"
"arn:aws:iam::aws:policy/AmazonMachineLearningBatchPredictionsAccess","0","4/9/15 12:12:19 PM","v1",,"True","/","0","ANPAILOI4HTQSFTF3GQSC","AmazonMachineLearningBatchPredictionsAccess","4/9/15 12:12:19 PM"
"arn:aws:iam::aws:policy/AWSIoTSiteWiseFullAccess","0","12/4/18 2:53:39 PM","v1",,"True","/","0","ANPAILUK3XBM6TZ5Q3PX2","AWSIoTSiteWiseFullAccess","12/4/18 2:53:39 PM"
"arn:aws:iam::aws:policy/AlexaForBusinessFullAccess","0","11/30/17 10:47:09 AM","v3",,"True","/","0","ANPAILUT3JGG7WRIMVNH2","AlexaForBusinessFullAccess","3/12/19 7:46:26 PM"
"arn:aws:iam::aws:policy/aws-service-role/AWSEC2SpotFleetServiceRolePolicy","0","10/23/17 2:13:06 PM","v3",,"True","/aws-service-role/","0","ANPAILWCVTZD57EMYWMBO","AWSEC2SpotFleetServiceRolePolicy","3/28/18 2:04:33 PM"
"arn:aws:iam::aws:policy/AmazonRekognitionReadOnlyAccess","0","11/30/16 8:58:06 AM","v2",,"True","/","0","ANPAILWSUHXUY4ES43SA4","AmazonRekognitionReadOnlyAccess","12/6/17 5:28:39 PM"
"arn:aws:iam::aws:policy/AWSCodeDeployReadOnlyAccess","0","5/19/15 1:21:32 PM","v1",,"True","/","0","ANPAILZHHKCKB4NE7XOIQ","AWSCodeDeployReadOnlyAccess","5/19/15 1:21:32 PM"
"arn:aws:iam::aws:policy/CloudSearchFullAccess","0","2/6/15 12:39:56 PM","v1",,"True","/","0","ANPAIM6OOWKQ7L7VBOZOC","CloudSearchFullAccess","2/6/15 12:39:56 PM"
"arn:aws:iam::aws:policy/aws-service-role/AWSLicenseManagerServiceRolePolicy","0","11/26/18 1:02:53 PM","v1",,"True","/aws-service-role/","0","ANPAIM7JPETWHTYNBQSZE","AWSLicenseManagerServiceRolePolicy","11/26/18 1:02:53 PM"
"arn:aws:iam::aws:policy/AWSCloudHSMFullAccess","0","2/6/15 12:39:51 PM","v1",,"True","/","0","ANPAIMBQYQZM7F63DA2UU","AWSCloudHSMFullAccess","2/6/15 12:39:51 PM"
"arn:aws:iam::aws:policy/service-role/AmazonEC2SpotFleetAutoscaleRole","0","8/19/16 1:27:22 PM","v3",,"True","/service-role/","0","ANPAIMFFRMIOBGDP2TAVE","AmazonEC2SpotFleetAutoscaleRole","2/18/19 1:17:03 PM"
"arn:aws:iam::aws:policy/aws-service-role/AWSElasticLoadBalancingServiceRolePolicy","0","9/19/17 5:19:04 PM","v2",,"True","/aws-service-role/","0","ANPAIMHWGGSRHLOQUICJQ","AWSElasticLoadBalancingServiceRolePolicy","5/14/18 4:18:07 PM"
"arn:aws:iam::aws:policy/AWSCodeBuildDeveloperAccess","0","12/1/16 1:02:32 PM","v4",,"True","/","0","ANPAIMKTMR34XSBQW45HS","AWSCodeBuildDeveloperAccess","11/15/18 3:32:53 PM"
"arn:aws:iam::aws:policy/aws-service-role/ElastiCacheServiceRolePolicy","0","12/7/17 11:50:04 AM","v1",,"True","/aws-service-role/","0","ANPAIML5LIBUZBVCSF7PI","ElastiCacheServiceRolePolicy","12/7/17 11:50:04 AM"
"arn:aws:iam::aws:policy/service-role/AWSGlueServiceNotebookRole","0","8/14/17 8:37:42 AM","v2",,"True","/service-role/","0","ANPAIMRC6VZUHJYCTKWFI","AWSGlueServiceNotebookRole","8/17/17 1:08:29 PM"
"arn:aws:iam::aws:policy/service-role/AmazonEC2SpotFleetRole","0","5/18/15 6:28:05 PM","v4",,"True","/service-role/","0","ANPAIMRTKHWK7ESSNETSW","AmazonEC2SpotFleetRole","11/7/17 1:14:10 PM"
"arn:aws:iam::aws:policy/AWSDataPipeline_PowerUser","0","1/19/17 5:16:46 PM","v2",,"True","/","0","ANPAIMXGLVY6DVR24VTYS","AWSDataPipeline_PowerUser","8/17/17 1:49:42 PM"
"arn:aws:iam::aws:policy/service-role/AWSCodeStarServiceRole","0","4/19/17 10:20:50 AM","v8",,"True","/service-role/","0","ANPAIN6D4M2KD3NBOC4M4","AWSCodeStarServiceRole","10/4/18 2:28:06 PM"
"arn:aws:iam::aws:policy/AmazonTranscribeFullAccess","0","4/4/18 11:06:16 AM","v1",,"True","/","0","ANPAINAV45F5NT5RMFO7K","AmazonTranscribeFullAccess","4/4/18 11:06:16 AM"
"arn:aws:iam::aws:policy/AWSDirectoryServiceFullAccess","0","2/6/15 12:41:11 PM","v4",,"True","/","0","ANPAINAW5ANUWTH3R4ANI","AWSDirectoryServiceFullAccess","2/5/19 2:29:43 PM"
"arn:aws:iam::aws:policy/service-role/AmazonFreeRTOSOTAUpdate","0","8/27/18 5:43:07 PM","v1",,"True","/service-role/","0","ANPAINC2TXHAYDOK3SWMU","AmazonFreeRTOSOTAUpdate","8/27/18 5:43:07 PM"
"arn:aws:iam::aws:policy/AmazonDynamoDBFullAccess","0","2/6/15 12:40:11 PM","v8",,"True","/","0","ANPAINUGF2JSOSUY76KYA","AmazonDynamoDBFullAccess","2/6/18 4:17:46 PM"
"arn:aws:iam::aws:policy/AmazonSESReadOnlyAccess","0","2/6/15 12:41:03 PM","v1",,"True","/","0","ANPAINV2XPFRMWJJNSCGI","AmazonSESReadOnlyAccess","2/6/15 12:41:03 PM"
"arn:aws:iam::aws:policy/AmazonRedshiftQueryEditor","0","10/4/18 5:50:32 PM","v1",,"True","/","0","ANPAINVFHHP7CWVHTGBGM","AmazonRedshiftQueryEditor","10/4/18 5:50:32 PM"
"arn:aws:iam::aws:policy/AWSWAFReadOnlyAccess","0","10/6/15 3:43:45 PM","v2",,"True","/","0","ANPAINZVDMX2SBF7EU2OC","AWSWAFReadOnlyAccess","12/7/16 3:30:54 PM"
"arn:aws:iam::aws:policy/service-role/AutoScalingNotificationAccessRole","0","2/6/15 12:41:22 PM","v1",,"True","/service-role/","0","ANPAIO2VMUPGDC5PZVXVA","AutoScalingNotificationAccessRole","2/6/15 12:41:22 PM"
"arn:aws:iam::aws:policy/AmazonMechanicalTurkReadOnly","0","12/11/15 1:08:28 PM","v2",,"True","/","0","ANPAIO5IY3G3WXSX5PPRM","AmazonMechanicalTurkReadOnly","2/27/17 3:45:50 PM"
"arn:aws:iam::aws:policy/AmazonKinesisReadOnlyAccess","0","2/6/15 12:40:30 PM","v1",,"True","/","0","ANPAIOCMTDT5RLKZ2CAJO","AmazonKinesisReadOnlyAccess","2/6/15 12:40:30 PM"
"arn:aws:iam::aws:policy/AWSXRayDaemonWriteAccess","0","8/28/18 6:00:33 PM","v1",,"True","/","0","ANPAIOE47HSUE5AVBNEDM","AWSXRayDaemonWriteAccess","8/28/18 6:00:33 PM"
"arn:aws:iam::aws:policy/AWSCloudMapReadOnlyAccess","0","11/28/18 5:45:26 PM","v1",,"True","/","0","ANPAIOHISHKLCJTVQQL5E","AWSCloudMapReadOnlyAccess","11/28/18 5:45:26 PM"
"arn:aws:iam::aws:policy/aws-service-role/AWSCloudFrontLogger","0","6/12/18 3:15:23 PM","v1",,"True","/aws-service-role/","0","ANPAIOI7RPKLCNINBTRP4","AWSCloudFrontLogger","6/12/18 3:15:23 PM"
"arn:aws:iam::aws:policy/AWSCodeDeployFullAccess","0","5/19/15 1:13:23 PM","v1",,"True","/","0","ANPAIONKN3TJZUKXCHXWC","AWSCodeDeployFullAccess","5/19/15 1:13:23 PM"
"arn:aws:iam::aws:policy/service-role/AWSBackupServiceRolePolicyForBackup","0","1/10/19 3:01:28 PM","v1",,"True","/service-role/","0","ANPAIOOYZSLZZXWFJJ5N2","AWSBackupServiceRolePolicyForBackup","1/10/19 3:01:28 PM"
"arn:aws:iam::aws:policy/AWSRoboMakerServiceRolePolicy","0","11/25/18 11:33:19 PM","v1",,"True","/","0","ANPAIOSFFLBBLCTKS3ATC","AWSRoboMakerServiceRolePolicy","11/25/18 11:33:19 PM"
"arn:aws:iam::aws:policy/CloudWatchActionsEC2Access","0","7/6/15 7:00:33 PM","v1",,"True","/","0","ANPAIOWD4E3FVSORSZTGU","CloudWatchActionsEC2Access","7/6/15 7:00:33 PM"
"arn:aws:iam::aws:policy/service-role/AWSLambdaDynamoDBExecutionRole","0","4/9/15 10:09:29 AM","v1",,"True","/service-role/","0","ANPAIP7WNAGMIPYNW4WQG","AWSLambdaDynamoDBExecutionRole","4/9/15 10:09:29 AM"
"arn:aws:iam::aws:policy/AmazonRoute53DomainsFullAccess","0","2/6/15 12:40:56 PM","v1",,"True","/","0","ANPAIPAFBMIYUILMOKL6G","AmazonRoute53DomainsFullAccess","2/6/15 12:40:56 PM"
"arn:aws:iam::aws:policy/AmazonElastiCacheReadOnlyAccess","0","2/6/15 12:40:21 PM","v1",,"True","/","0","ANPAIPDACSNQHSENWAKM2","AmazonElastiCacheReadOnlyAccess","2/6/15 12:40:21 PM"
"arn:aws:iam::aws:policy/aws-service-role/AmazonRDSServiceRolePolicy","0","1/8/18 12:17:46 PM","v5",,"True","/aws-service-role/","0","ANPAIPEU5ZOBJWKWHUIBA","AmazonRDSServiceRolePolicy","2/4/19 12:16:17 PM"
"arn:aws:iam::aws:policy/AmazonAthenaFullAccess","0","11/30/16 10:46:01 AM","v5",,"True","/","0","ANPAIPJMLMD4C7RYZ6XCK","AmazonAthenaFullAccess","2/18/19 6:13:03 PM"
"arn:aws:iam::aws:policy/AmazonMechanicalTurkCrowdFullAccess","0","10/5/17 1:07:21 PM","v2",,"True","/","0","ANPAIPM7C67S54NPAHQ4Q","AmazonMechanicalTurkCrowdFullAccess","9/28/18 4:08:53 PM"
"arn:aws:iam::aws:policy/AmazonElasticFileSystemReadOnlyAccess","0","5/27/15 11:25:25 AM","v3",,"True","/","0","ANPAIPN5S4NE5JJOKVC4Y","AmazonElasticFileSystemReadOnlyAccess","8/14/17 5:09:49 AM"
"arn:aws:iam::aws:policy/AWSCloudMapDiscoverInstanceAccess","0","11/28/18 6:02:42 PM","v1",,"True","/","0","ANPAIPRD7PYYQVYPDME4K","AWSCloudMapDiscoverInstanceAccess","11/28/18 6:02:42 PM"
"arn:aws:iam::aws:policy/CloudFrontFullAccess","0","2/6/15 12:39:50 PM","v3",,"True","/","0","ANPAIPRV52SH6HDCCFY6U","CloudFrontFullAccess","1/21/16 11:03:57 AM"
"arn:aws:iam::aws:policy/AmazonConnectFullAccess","0","10/17/18 3:59:39 PM","v2",,"True","/","0","ANPAIPZZCFFD55NYGBAJI","AmazonConnectFullAccess","10/17/18 5:28:01 PM"
"arn:aws:iam::aws:policy/AWSCloud9Administrator","0","11/30/17 10:17:28 AM","v1",,"True","/","0","ANPAIQ4KWP455WDTCBGWK","AWSCloud9Administrator","11/30/17 10:17:28 AM"
"arn:aws:iam::aws:policy/service-role/AmazonMachineLearningRoleforRedshiftDataSource","0","4/9/15 12:05:26 PM","v1",,"True","/service-role/","0","ANPAIQ5UDYYMNN42BM4AK","AmazonMachineLearningRoleforRedshiftDataSource","4/9/15 12:05:26 PM"
"arn:aws:iam::aws:policy/aws-service-role/AWSApplicationAutoscalingEMRInstanceGroupPolicy","0","10/25/17 7:57:39 PM","v1",,"True","/aws-service-role/","0","ANPAIQ6M5Z7LQY2YSG2JS","AWSApplicationAutoscalingEMRInstanceGroupPolicy","10/25/17 7:57:39 PM"
"arn:aws:iam::aws:policy/AmazonTextractFullAccess","0","11/28/18 1:07:42 PM","v1",,"True","/","0","ANPAIQDD47A7H3GBVPWOQ","AmazonTextractFullAccess","11/28/18 1:07:42 PM"
"arn:aws:iam::aws:policy/aws-service-role/AWSOrganizationsServiceTrustPolicy","0","10/10/17 6:04:07 PM","v2",,"True","/aws-service-role/","0","ANPAIQH6ROMVVECFVRJPK","AWSOrganizationsServiceTrustPolicy","11/1/17 1:01:18 AM"
"arn:aws:iam::aws:policy/AmazonDocDBFullAccess","0","1/9/19 2:21:44 PM","v1",,"True","/","0","ANPAIQKACUF6JJHALEG5K","AmazonDocDBFullAccess","1/9/19 2:21:44 PM"
"arn:aws:iam::aws:policy/AmazonMobileAnalyticsNon-financialReportAccess","0","2/6/15 12:40:36 PM","v1",,"True","/","0","ANPAIQLKQ4RXPUBBVVRDE","AmazonMobileAnalyticsNon-financialReportAccess","2/6/15 12:40:36 PM"
"arn:aws:iam::aws:policy/AWSCloudTrailFullAccess","0","2/6/15 12:39:58 PM","v5",,"True","/","0","ANPAIQNUJTQYDRJPC3BNK","AWSCloudTrailFullAccess","12/11/17 1:51:27 PM"
"arn:aws:iam::aws:policy/AmazonCognitoDeveloperAuthenticatedIdentities","0","3/24/15 12:22:23 PM","v1",,"True","/","0","ANPAIQOKZ5BGKLCMTXH4W","AmazonCognitoDeveloperAuthenticatedIdentities","3/24/15 12:22:23 PM"
"arn:aws:iam::aws:policy/service-role/AWSConfigRole","0","4/2/15 12:36:23 PM","v24",,"True","/service-role/","0","ANPAIQRXRDRGJUA33ELIO","AWSConfigRole","3/12/19 1:03:12 PM"
"arn:aws:iam::aws:policy/AWSSSOMemberAccountAdministrator","0","6/27/18 3:45:42 PM","v2",,"True","/","0","ANPAIQYHEY7KJWXZFNDPY","AWSSSOMemberAccountAdministrator","10/17/18 3:35:52 PM"
"arn:aws:iam::aws:policy/aws-service-role/AWSApplicationAutoscalingAppStreamFleetPolicy","0","10/20/17 2:04:06 PM","v1",,"True","/aws-service-role/","0","ANPAIRI724OWKP56ZG62M","AWSApplicationAutoscalingAppStreamFleetPolicy","10/20/17 2:04:06 PM"
"arn:aws:iam::aws:policy/AWSCertificateManagerPrivateCAFullAccess","0","10/23/18 11:54:50 AM","v1",,"True","/","0","ANPAIRTQUC55CREAWFLBG","AWSCertificateManagerPrivateCAFullAccess","10/23/18 11:54:50 AM"
"arn:aws:iam::aws:policy/service-role/AWSGlueServiceRole","0","8/14/17 8:37:21 AM","v4",,"True","/service-role/","0","ANPAIRUJCPEBPMEZFAS32","AWSGlueServiceRole","6/25/18 1:23:09 PM"
"arn:aws:iam::aws:policy/service-role/AmazonAppStreamServiceAccess","0","11/18/16 10:17:37 PM","v5",,"True","/service-role/","0","ANPAISBRZ7LMMCBYEF3SE","AmazonAppStreamServiceAccess","1/17/19 2:22:45 PM"
"arn:aws:iam::aws:policy/AmazonRedshiftFullAccess","0","2/6/15 12:40:50 PM","v2",,"True","/","0","ANPAISEKCHH4YDB46B5ZO","AmazonRedshiftFullAccess","9/19/17 1:27:44 PM"
"arn:aws:iam::aws:policy/service-role/AWSTransferLoggingAccess","0","1/14/19 9:32:50 AM","v1",,"True","/service-role/","0","ANPAISIP5WGJX7VKXRQZO","AWSTransferLoggingAccess","1/14/19 9:32:50 AM"
"arn:aws:iam::aws:policy/AmazonZocaloReadOnlyAccess","0","2/6/15 12:41:14 PM","v1",,"True","/","0","ANPAISRCSSJNS3QPKZJPM","AmazonZocaloReadOnlyAccess","2/6/15 12:41:14 PM"
"arn:aws:iam::aws:policy/AWSCloudHSMReadOnlyAccess","0","2/6/15 12:39:52 PM","v1",,"True","/","0","ANPAISVCBSY7YDBOT67KE","AWSCloudHSMReadOnlyAccess","2/6/15 12:39:52 PM"
"arn:aws:iam::aws:policy/ComprehendFullAccess","0","11/29/17 12:08:43 PM","v2",,"True","/","0","ANPAITBM2PMWNG2P7RZEQ","ComprehendFullAccess","12/4/17 7:36:24 PM"
"arn:aws:iam::aws:policy/AmazonFSxConsoleFullAccess","0","11/28/18 10:36:05 AM","v1",,"True","/","0","ANPAITDDJ23Y5UZ2WCZRQ","AmazonFSxConsoleFullAccess","11/28/18 10:36:05 AM"
"arn:aws:iam::aws:policy/job-function/SystemAdministrator","0","11/10/16 11:23:56 AM","v4",,"True","/job-function/","0","ANPAITJPEZXCYCBXANDSW","SystemAdministrator","10/8/18 4:33:45 PM"
"arn:aws:iam::aws:policy/service-role/AmazonEC2ContainerServiceEventsRole","0","5/30/17 11:51:35 AM","v2",,"True","/service-role/","0","ANPAITKFNIUAG27VSYNZ4","AmazonEC2ContainerServiceEventsRole","5/22/18 2:13:11 PM"
"arn:aws:iam::aws:policy/AmazonRoute53ReadOnlyAccess","0","2/6/15 12:40:55 PM","v2",,"True","/","0","ANPAITOYK2ZAOQFXV2JNC","AmazonRoute53ReadOnlyAccess","11/15/16 3:15:16 PM"
"arn:aws:iam::aws:policy/service-role/AWSMigrationHubDiscoveryAccess","0","8/14/17 8:30:51 AM","v1",,"True","/service-role/","0","ANPAITRMRLSV7JAL6YIGG","AWSMigrationHubDiscoveryAccess","8/14/17 8:30:51 AM"
"arn:aws:iam::aws:policy/AmazonEC2ReportsAccess","0","2/6/15 12:40:16 PM","v1",,"True","/","0","ANPAIU6NBZVF2PCRW36ZW","AmazonEC2ReportsAccess","2/6/15 12:40:16 PM"
"arn:aws:iam::aws:policy/service-role/AmazonEC2ContainerServiceAutoscaleRole","0","5/12/16 6:25:44 PM","v2",,"True","/service-role/","0","ANPAIUAP3EGGGXXCPDQKK","AmazonEC2ContainerServiceAutoscaleRole","2/5/18 1:15:15 PM"
"arn:aws:iam::aws:policy/AWSAppSyncSchemaAuthor","0","3/20/18 4:21:06 PM","v1",,"True","/","0","ANPAIUCF5WVTOFQXFKY5E","AWSAppSyncSchemaAuthor","3/20/18 4:21:06 PM"
"arn:aws:iam::aws:policy/AlexaForBusinessDeviceSetup","0","11/30/17 10:47:16 AM","v1",,"True","/","0","ANPAIUEFZFUTDTY4HGFU2","AlexaForBusinessDeviceSetup","11/30/17 10:47:16 AM"
"arn:aws:iam::aws:policy/service-role/AWSBatchServiceRole","0","12/6/16 1:36:24 PM","v9",,"True","/service-role/","0","ANPAIUETIXPCKASQJURFE","AWSBatchServiceRole","10/30/18 2:00:56 PM"
"arn:aws:iam::aws:policy/AWSElasticBeanstalkWebTier","0","2/8/16 5:08:54 PM","v6",,"True","/","0","ANPAIUF4325SJYOREKW3A","AWSElasticBeanstalkWebTier","2/28/19 6:04:49 PM"
"arn:aws:iam::aws:policy/AmazonSQSReadOnlyAccess","0","2/6/15 12:41:08 PM","v2",,"True","/","0","ANPAIUGSSQY362XGCM6KW","AmazonSQSReadOnlyAccess","8/20/18 6:35:49 PM"
"arn:aws:iam::aws:policy/AmazonChimeFullAccess","0","11/1/17 5:15:43 PM","v1",,"True","/","0","ANPAIUJFSAKUERNORYRWO","AmazonChimeFullAccess","11/1/17 5:15:43 PM"
"arn:aws:iam::aws:policy/AWSDeepRacerRoboMakerAccessPolicy","0","2/28/19 3:59:58 PM","v1",,"True","/","0","ANPAIUKGYRTDCUFOMRGAM","AWSDeepRacerRoboMakerAccessPolicy","2/28/19 3:59:58 PM"
"arn:aws:iam::aws:policy/aws-service-role/AWSElasticLoadBalancingClassicServiceRolePolicy","0","9/19/17 5:36:18 PM","v1",,"True","/aws-service-role/","0","ANPAIUMWW3QP7DPZPNVU4","AWSElasticLoadBalancingClassicServiceRolePolicy","9/19/17 5:36:18 PM"
"arn:aws:iam::aws:policy/service-role/AWSMigrationHubDMSAccess","0","8/14/17 9:00:06 AM","v1",,"True","/service-role/","0","ANPAIUQB56VA4JHLN7G2W","AWSMigrationHubDMSAccess","8/14/17 9:00:06 AM"
"arn:aws:iam::aws:policy/WellArchitectedConsoleReadOnlyAccess","0","11/29/18 12:21:08 PM","v1",,"True","/","0","ANPAIUTK35NDTYF6T2GFY","WellArchitectedConsoleReadOnlyAccess","11/29/18 12:21:08 PM"
"arn:aws:iam::aws:policy/AmazonKinesisFullAccess","0","2/6/15 12:40:29 PM","v1",,"True","/","0","ANPAIVF32HAMOXCUYRAYE","AmazonKinesisFullAccess","2/6/15 12:40:29 PM"
"arn:aws:iam::aws:policy/AmazonGuardDutyReadOnlyAccess","0","11/28/17 4:29:40 PM","v2",,"True","/","0","ANPAIVMCEDV336RWUSNHG","AmazonGuardDutyReadOnlyAccess","4/25/18 4:07:17 PM"
"arn:aws:iam::aws:policy/aws-service-role/AmazonFSxServiceRolePolicy","0","11/28/18 4:38:37 AM","v1",,"True","/aws-service-role/","0","ANPAIVQ24YKVRBV5IYQ5G","AmazonFSxServiceRolePolicy","11/28/18 4:38:37 AM"
"arn:aws:iam::aws:policy/aws-service-role/AmazonECSServiceRolePolicy","0","10/13/17 8:18:58 PM","v5",,"True","/aws-service-role/","0","ANPAIVUWKCAI7URU4WUEI","AmazonECSServiceRolePolicy","10/18/18 6:18:18 PM"
"arn:aws:iam::aws:policy/AmazonConnectReadOnlyAccess","0","10/17/18 4:00:44 PM","v1",,"True","/","0","ANPAIVZMH7VU6YYKRY6ZU","AmazonConnectReadOnlyAccess","10/17/18 4:00:44 PM"
"arn:aws:iam::aws:policy/AmazonMachineLearningReadOnlyAccess","0","4/9/15 12:40:02 PM","v1",,"True","/","0","ANPAIW5VYBCGEX56JCINC","AmazonMachineLearningReadOnlyAccess","4/9/15 12:40:02 PM"
"arn:aws:iam::aws:policy/AmazonRekognitionFullAccess","0","11/30/16 8:40:44 AM","v1",,"True","/","0","ANPAIWDAOK6AIFDVX6TT6","AmazonRekognitionFullAccess","11/30/16 8:40:44 AM"
"arn:aws:iam::aws:policy/service-role/RDSCloudHsmAuthorizationRole","0","2/6/15 12:41:29 PM","v1",,"True","/service-role/","0","ANPAIWKFXRLQG2ROKKXLE","RDSCloudHsmAuthorizationRole","2/6/15 12:41:29 PM"
"arn:aws:iam::aws:policy/AmazonMachineLearningFullAccess","0","4/9/15 12:25:41 PM","v1",,"True","/","0","ANPAIWKW6AGSGYOQ5ERHC","AmazonMachineLearningFullAccess","4/9/15 12:25:41 PM"
"arn:aws:iam::aws:policy/AdministratorAccess","1","2/6/15 12:39:46 PM","v1",,"True","/","0","ANPAIWMBCKSKIEE64ZLYK","AdministratorAccess","2/6/15 12:39:46 PM"
"arn:aws:iam::aws:policy/AmazonMachineLearningRealTimePredictionOnlyAccess","0","4/9/15 12:44:06 PM","v1",,"True","/","0","ANPAIWMCNQPRWMWT36GVQ","AmazonMachineLearningRealTimePredictionOnlyAccess","4/9/15 12:44:06 PM"
"arn:aws:iam::aws:policy/service-role/AWSAppSyncPushToCloudWatchLogs","0","4/9/18 2:38:55 PM","v1",,"True","/service-role/","0","ANPAIWN7WNO34HLMJPUQS","AWSAppSyncPushToCloudWatchLogs","4/9/18 2:38:55 PM"
"arn:aws:iam::aws:policy/service-role/AWSMigrationHubSMSAccess","0","8/14/17 8:57:54 AM","v1",,"True","/service-role/","0","ANPAIWQYYT6TSVIRJO4TY","AWSMigrationHubSMSAccess","8/14/17 8:57:54 AM"
"arn:aws:iam::aws:policy/AWSB9InternalServicePolicy","0","12/13/18 12:48:22 PM","v1",,"True","/","0","ANPAIWR2IIOQ7JJGVQOPW","AWSB9InternalServicePolicy","12/13/18 12:48:22 PM"
"arn:aws:iam::aws:policy/AWSConfigUserAccess","0","2/18/15 1:38:41 PM","v3",,"True","/","0","ANPAIWTTSFJ7KKJE3MWGA","AWSConfigUserAccess","8/30/16 2:15:19 PM"
"arn:aws:iam::aws:policy/AWSIoTConfigAccess","0","10/27/15 4:52:07 PM","v8",,"True","/","0","ANPAIWWGD4LM4EMXNRL7I","AWSIoTConfigAccess","10/1/18 12:22:32 PM"
"arn:aws:iam::aws:policy/SecurityAudit","0","2/6/15 12:41:01 PM","v25",,"True","/","0","ANPAIX2T3QCXHR2OGGCTO","SecurityAudit","1/10/19 7:51:30 PM"
"arn:aws:iam::aws:policy/AWSDiscoveryContinuousExportFirehosePolicy","0","8/9/18 1:29:39 PM","v1",,"True","/","0","ANPAIX6FHUTEUNXYDFZ7C","AWSDiscoveryContinuousExportFirehosePolicy","8/9/18 1:29:39 PM"
"arn:aws:iam::aws:policy/AWSElementalMediaConvertFullAccess","0","6/25/18 2:25:35 PM","v1",,"True","/","0","ANPAIXDREOCL6LV7RBJWC","AWSElementalMediaConvertFullAccess","6/25/18 2:25:35 PM"
"arn:aws:iam::aws:policy/AWSRoboMakerReadOnlyAccess","0","11/25/18 11:30:50 PM","v1",,"True","/","0","ANPAIXFHP2ALXXGGECYJI","AWSRoboMakerReadOnlyAccess","11/25/18 11:30:50 PM"
"arn:aws:iam::aws:policy/AWSResourceGroupsReadOnlyAccess","0","3/7/18 4:27:04 AM","v2",,"True","/","0","ANPAIXFKM2WGBJAEWMFEG","AWSResourceGroupsReadOnlyAccess","2/5/19 11:56:25 AM"
"arn:aws:iam::aws:policy/AWSCodeStarFullAccess","0","4/19/17 11:23:19 AM","v2",,"True","/","0","ANPAIXI233TFUGLZOJBEC","AWSCodeStarFullAccess","1/10/18 3:54:06 PM"
"arn:aws:iam::aws:policy/aws-service-role/AmazonSSMServiceRolePolicy","0","11/13/17 1:20:08 PM","v3",,"True","/aws-service-role/","0","ANPAIXJ26NUGBA3TCV7EC","AmazonSSMServiceRolePolicy","7/25/18 5:14:20 PM"
"arn:aws:iam::aws:policy/AWSDataPipeline_FullAccess","0","1/19/17 5:14:54 PM","v2",,"True","/","0","ANPAIXOFIG7RSBMRPHXJ4","AWSDataPipeline_FullAccess","8/17/17 1:48:39 PM"
"arn:aws:iam::aws:policy/NeptuneFullAccess","0","5/30/18 2:17:31 PM","v3",,"True","/","0","ANPAIXSDEYRCNJRC6ITFK","NeptuneFullAccess","11/6/18 3:21:19 PM"
"arn:aws:iam::aws:policy/AmazonSSMManagedInstanceCore","0","3/15/19 12:22:12 PM","v1",,"True","/","0","ANPAIXSHM2BNB2D3AXXRU","AmazonSSMManagedInstanceCore","3/15/19 12:22:12 PM"
"arn:aws:iam::aws:policy/aws-service-role/TagGovernancePolicy","0","8/24/18 2:22:44 PM","v1",,"True","/aws-service-role/","0","ANPAIXTWESBJAQILG6NY4","TagGovernancePolicy","8/24/18 2:22:44 PM"
"arn:aws:iam::aws:policy/aws-service-role/AWSAutoScalingPlansEC2AutoScalingPolicy","0","8/23/18 5:46:59 PM","v1",,"True","/aws-service-role/","0","ANPAIXWLPZPD4RYBM3JSU","AWSAutoScalingPlansEC2AutoScalingPolicy","8/23/18 5:46:59 PM"
"arn:aws:iam::aws:policy/AmazonDynamoDBReadOnlyAccess","0","2/6/15 12:40:12 PM","v7",,"True","/","0","ANPAIY2XFNA232XJ6J7X2","AmazonDynamoDBReadOnlyAccess","1/9/18 1:46:57 PM"
"arn:aws:iam::aws:policy/AutoScalingConsoleFullAccess","0","1/12/17 1:43:16 PM","v2",,"True","/","0","ANPAIYEN6FJGYYWJFFCZW","AutoScalingConsoleFullAccess","2/6/18 5:15:36 PM"
"arn:aws:iam::aws:policy/AWSElementalMediaPackageFullAccess","0","12/29/17 5:39:52 PM","v1",,"True","/","0","ANPAIYI6IYR3JRFAVNQHC","AWSElementalMediaPackageFullAccess","12/29/17 5:39:52 PM"
"arn:aws:iam::aws:policy/AmazonKinesisVideoStreamsFullAccess","0","12/1/17 5:27:18 PM","v1",,"True","/","0","ANPAIZAN5AK7E7UVYIAZY","AmazonKinesisVideoStreamsFullAccess","12/1/17 5:27:18 PM"
"arn:aws:iam::aws:policy/AmazonSNSReadOnlyAccess","0","2/6/15 12:41:06 PM","v1",,"True","/","0","ANPAIZGQCQTFOFPMHSB6W","AmazonSNSReadOnlyAccess","2/6/15 12:41:06 PM"
"arn:aws:iam::aws:policy/aws-service-role/AmazonRDSPreviewServiceRolePolicy","0","5/31/18 1:02:00 PM","v1",,"True","/aws-service-role/","0","ANPAIZHJJBU3675JOUEMQ","AmazonRDSPreviewServiceRolePolicy","5/31/18 1:02:00 PM"
"arn:aws:iam::aws:policy/aws-service-role/AWSEC2SpotServiceRolePolicy","0","9/18/17 1:51:54 PM","v4",,"True","/aws-service-role/","0","ANPAIZJJBQNXQYVKTEXGM","AWSEC2SpotServiceRolePolicy","12/11/18 6:13:51 PM"
"arn:aws:iam::aws:policy/AmazonElasticMapReduceFullAccess","0","2/6/15 12:40:22 PM","v6",,"True","/","0","ANPAIZP5JFP3AMSGINBB2","AmazonElasticMapReduceFullAccess","1/23/18 1:40:00 PM"
"arn:aws:iam::aws:policy/AWSCloudMapFullAccess","0","11/28/18 5:57:31 PM","v1",,"True","/","0","ANPAIZPIMAQZJS3WUXUJM","AWSCloudMapFullAccess","11/28/18 5:57:31 PM"
"arn:aws:iam::aws:policy/service-role/AWSDataLifecycleManagerServiceRole","0","7/6/18 2:34:16 PM","v1",,"True","/service-role/","0","ANPAIZRLOKFUFE7YXQOJS","AWSDataLifecycleManagerServiceRole","7/6/18 2:34:16 PM"
"arn:aws:iam::aws:policy/AmazonS3ReadOnlyAccess","0","2/6/15 12:40:59 PM","v1",,"True","/","0","ANPAIZTJ4DXE7G6AGAE6M","AmazonS3ReadOnlyAccess","2/6/15 12:40:59 PM"
"arn:aws:iam::aws:policy/AWSElasticBeanstalkFullAccess","0","2/6/15 12:40:18 PM","v7",,"True","/","0","ANPAIZYX2YLLBW2LJVUFW","AWSElasticBeanstalkFullAccess","2/23/18 1:36:01 PM"
"arn:aws:iam::aws:policy/AmazonWorkSpacesAdmin","0","9/22/15 5:21:15 PM","v2",,"True","/","0","ANPAJ26AU6ATUQCT5KVJU","AmazonWorkSpacesAdmin","8/18/16 6:08:42 PM"
"arn:aws:iam::aws:policy/service-role/AWSCodeDeployRole","0","5/4/15 1:05:37 PM","v6",,"True","/service-role/","0","ANPAJ2NKMKD73QS5NBFLA","AWSCodeDeployRole","9/11/17 2:09:51 PM"
"arn:aws:iam::aws:policy/AmazonSESFullAccess","0","2/6/15 12:41:02 PM","v1",,"True","/","0","ANPAJ2P4NXCHAT7NDPNR4","AmazonSESFullAccess","2/6/15 12:41:02 PM"
"arn:aws:iam::aws:policy/CloudWatchLogsReadOnlyAccess","0","2/6/15 12:40:03 PM","v4",,"True","/","0","ANPAJ2YIYDYSNNEHK3VKW","CloudWatchLogsReadOnlyAccess","1/14/19 1:32:45 PM"
"arn:aws:iam::aws:policy/aws-service-role/AmazonRDSBetaServiceRolePolicy","0","5/2/18 2:41:04 PM","v3",,"True","/aws-service-role/","0","ANPAJ36CJAE6OYAR4YEK4","AmazonRDSBetaServiceRolePolicy","7/5/18 1:29:48 PM"
"arn:aws:iam::aws:policy/AmazonKinesisFirehoseReadOnlyAccess","0","10/7/15 1:43:39 PM","v1",,"True","/","0","ANPAJ36NT645INW4K24W6","AmazonKinesisFirehoseReadOnlyAccess","10/7/15 1:43:39 PM"
"arn:aws:iam::aws:policy/AWSOpsWorksRegisterCLI","0","2/6/15 12:40:49 PM","v1",,"True","/","0","ANPAJ3AB5ZBFPCQGTVDU4","AWSOpsWorksRegisterCLI","2/6/15 12:40:49 PM"
"arn:aws:iam::aws:policy/GlobalAcceleratorFullAccess","0","11/26/18 8:44:44 PM","v1",,"True","/","0","ANPAJ3NSRQKPB42BCNRT6","GlobalAcceleratorFullAccess","11/26/18 8:44:44 PM"
"arn:aws:iam::aws:policy/AmazonDynamoDBFullAccesswithDataPipeline","0","2/6/15 12:40:14 PM","v2",,"True","/","0","ANPAJ3ORT7KDISSXGHJXA","AmazonDynamoDBFullAccesswithDataPipeline","11/11/15 8:17:42 PM"
"arn:aws:iam::aws:policy/AWSIoTAnalyticsReadOnlyAccess","0","6/18/18 4:37:49 PM","v1",,"True","/","0","ANPAJ3Z4LYBELMXGFLGMI","AWSIoTAnalyticsReadOnlyAccess","6/18/18 4:37:49 PM"
"arn:aws:iam::aws:policy/service-role/AmazonEC2RoleforDataPipelineRole","0","2/6/15 12:41:25 PM","v3",,"True","/service-role/","0","ANPAJ3Z5I2WAJE5DN2J36","AmazonEC2RoleforDataPipelineRole","2/22/16 11:24:05 AM"
"arn:aws:iam::aws:policy/CloudWatchLogsFullAccess","0","2/6/15 12:40:02 PM","v1",,"True","/","0","ANPAJ3ZGNWK2R5HW5BQFO","CloudWatchLogsFullAccess","2/6/15 12:40:02 PM"
"arn:aws:iam::aws:policy/AWSSecurityHubFullAccess","0","11/27/18 5:54:34 PM","v1",,"True","/","0","ANPAJ4262VZCA4HPBZSO6","AWSSecurityHubFullAccess","11/27/18 5:54:34 PM"
"arn:aws:iam::aws:policy/AWSElementalMediaPackageReadOnly","0","12/29/17 6:04:29 PM","v1",,"True","/","0","ANPAJ42DVTPUHKXNYZQCO","AWSElementalMediaPackageReadOnly","12/29/17 6:04:29 PM"
"arn:aws:iam::aws:policy/AWSElasticBeanstalkMulticontainerDocker","0","2/8/16 5:15:29 PM","v2",,"True","/","0","ANPAJ45SBYG72SD6SHJEY","AWSElasticBeanstalkMulticontainerDocker","6/6/16 6:45:37 PM"
"arn:aws:iam::aws:policy/service-role/AmazonPersonalizeFullAccess","0","12/4/18 4:24:33 PM","v1",,"True","/service-role/","0","ANPAJ45XBPPZNI3MMVAUK","AmazonPersonalizeFullAccess","12/4/18 4:24:33 PM"
"arn:aws:iam::aws:policy/AWSMigrationHubFullAccess","0","8/14/17 9:02:54 AM","v3",,"True","/","0","ANPAJ4A2SZKHUYHDYIGOK","AWSMigrationHubFullAccess","8/16/18 3:29:37 PM"
"arn:aws:iam::aws:policy/AmazonFSxReadOnlyAccess","0","11/28/18 10:33:32 AM","v1",,"True","/","0","ANPAJ4ICPKXR6KK32HT52","AmazonFSxReadOnlyAccess","11/28/18 10:33:32 AM"
"arn:aws:iam::aws:policy/IAMUserChangePassword","1","11/14/16 6:25:16 PM","v2",,"True","/","0","ANPAJ4L4MM2A7QIEB56MS","IAMUserChangePassword","11/15/16 5:18:55 PM"
"arn:aws:iam::aws:policy/aws-service-role/LightsailExportAccess","0","9/28/18 11:35:54 AM","v1",,"True","/aws-service-role/","0","ANPAJ4LZGPQLZWMVR4WMQ","LightsailExportAccess","9/28/18 11:35:54 AM"
"arn:aws:iam::aws:policy/AmazonAPIGatewayAdministrator","0","7/9/15 12:34:45 PM","v1",,"True","/","0","ANPAJ4PT6VY5NLKTNUYSI","AmazonAPIGatewayAdministrator","7/9/15 12:34:45 PM"
"arn:aws:iam::aws:policy/AmazonVPCCrossAccountNetworkInterfaceOperations","0","7/18/17 3:47:16 PM","v3",,"True","/","0","ANPAJ53Y4ZY5OHP4CNRJC","AmazonVPCCrossAccountNetworkInterfaceOperations","1/7/19 1:16:23 PM"
"arn:aws:iam::aws:policy/ServiceCatalogEndUserAccess","0","9/29/15 1:41:33 PM","v4",,"True","/","0","ANPAJ56OMCO72RI4J5FSA","ServiceCatalogEndUserAccess","8/8/17 1:58:57 PM"
"arn:aws:iam::aws:policy/service-role/AmazonMacieSetupRole","0","8/14/17 9:53:34 AM","v1",,"True","/service-role/","0","ANPAJ5DC6UBVKND7ADSKA","AmazonMacieSetupRole","8/14/17 9:53:34 AM"
"arn:aws:iam::aws:policy/AmazonPollyReadOnlyAccess","0","11/30/16 12:59:24 PM","v2",,"True","/","0","ANPAJ5FENL3CVPL2FPDLA","AmazonPollyReadOnlyAccess","7/17/18 11:41:07 AM"
"arn:aws:iam::aws:policy/AmazonRDSDataFullAccess","0","11/20/18 3:29:36 PM","v1",,"True","/","0","ANPAJ5HUMNZCSW4IC74T6","AmazonRDSDataFullAccess","11/20/18 3:29:36 PM"
"arn:aws:iam::aws:policy/AmazonMobileAnalyticsWriteOnlyAccess","0","2/6/15 12:40:37 PM","v1",,"True","/","0","ANPAJ5TAWBBQC2FAL3G6G","AmazonMobileAnalyticsWriteOnlyAccess","2/6/15 12:40:37 PM"
"arn:aws:iam::aws:policy/service-role/AmazonEC2SpotFleetTaggingRole","0","6/29/17 1:19:29 PM","v4",,"True","/service-role/","0","ANPAJ5U6UMLCEYLX5OLC4","AmazonEC2SpotFleetTaggingRole","11/17/17 4:51:17 PM"
"arn:aws:iam::aws:policy/job-function/DataScientist","0","11/10/16 11:28:48 AM","v3",,"True","/job-function/","0","ANPAJ5YHI2BQW7EQFYDXS","DataScientist","1/18/19 1:26:23 PM"
"arn:aws:iam::aws:policy/AWSMarketplaceMeteringFullAccess","0","3/17/16 5:39:22 PM","v1",,"True","/","0","ANPAJ65YJPG7CC7LDXNA6","AWSMarketplaceMeteringFullAccess","3/17/16 5:39:22 PM"
"arn:aws:iam::aws:policy/service-role/AWSOpsWorksCMServiceRole","0","11/24/16 3:49:46 AM","v8",,"True","/service-role/","0","ANPAJ6I6MPGJE62URSHCO","AWSOpsWorksCMServiceRole","2/21/19 9:15:07 AM"
"arn:aws:iam::aws:policy/aws-service-role/FSxDeleteServiceLinkedRoleAccess","0","11/28/18 4:40:24 AM","v1",,"True","/aws-service-role/","0","ANPAJ6IRP2YV2YPKWPPNQ","FSxDeleteServiceLinkedRoleAccess","11/28/18 4:40:24 AM"
"arn:aws:iam::aws:policy/WorkLinkServiceRolePolicy","0","1/23/19 1:03:45 PM","v1",,"True","/","0","ANPAJ6JTE3DI5JOULLNLS","WorkLinkServiceRolePolicy","1/23/19 1:03:45 PM"
"arn:aws:iam::aws:policy/aws-service-role/AmazonConnectServiceLinkedRolePolicy","0","9/6/18 7:21:43 PM","v2",,"True","/aws-service-role/","0","ANPAJ6R6FMTSRUJSKI72Y","AmazonConnectServiceLinkedRolePolicy","9/25/18 4:29:18 PM"
"arn:aws:iam::aws:policy/AWSPrivateMarketplaceAdminFullAccess","0","11/27/18 10:32:32 AM","v1",,"True","/","0","ANPAJ6VRZDDCYDOVCOCEI","AWSPrivateMarketplaceAdminFullAccess","11/27/18 10:32:32 AM"
"arn:aws:iam::aws:policy/AWSConnector","0","2/11/15 11:14:31 AM","v3",,"True","/","0","ANPAJ6YATONJHICG3DJ3U","AWSConnector","9/28/15 2:50:38 PM"
"arn:aws:iam::aws:policy/AWSCodeDeployRoleForECSLimited","0","11/27/18 2:42:42 PM","v2",,"True","/","0","ANPAJ6Z7L2IOXEFFOGD2M","AWSCodeDeployRoleForECSLimited","12/19/18 12:06:16 PM"
"arn:aws:iam::aws:policy/AmazonElasticTranscoder_JobsSubmitter","0","6/7/18 4:12:16 PM","v1",,"True","/","0","ANPAJ7AUMMRQOVZRI734S","AmazonElasticTranscoder_JobsSubmitter","6/7/18 4:12:16 PM"
"arn:aws:iam::aws:policy/AWSBackupOperatorPolicy","0","1/18/19 8:31:55 PM","v2",,"True","/","0","ANPAJ7BHZKKS47SGORCJE","AWSBackupOperatorPolicy","3/11/19 5:18:12 PM"
"arn:aws:iam::aws:policy/service-role/AmazonMacieHandshakeRole","0","6/28/18 10:46:10 AM","v1",,"True","/service-role/","0","ANPAJ7CVEIVL347MLOVKI","AmazonMacieHandshakeRole","6/28/18 10:46:10 AM"
"arn:aws:iam::aws:policy/AWSIoTAnalyticsFullAccess","0","6/18/18 6:02:45 PM","v1",,"True","/","0","ANPAJ7FB5ZEKQN445QGKY","AWSIoTAnalyticsFullAccess","6/18/18 6:02:45 PM"
"arn:aws:iam::aws:policy/AWSBatchFullAccess","0","12/6/16 1:35:42 PM","v5",,"True","/","0","ANPAJ7K2KIWB3HZVK3CUO","AWSBatchFullAccess","11/5/18 3:09:23 PM"
"arn:aws:iam::aws:policy/AmazonSSMDirectoryServiceAccess","0","3/15/19 12:44:38 PM","v1",,"True","/","0","ANPAJ7OJQH3CZU674ERII","AmazonSSMDirectoryServiceAccess","3/15/19 12:44:38 PM"
"arn:aws:iam::aws:policy/AmazonECS_FullAccess","0","11/7/17 3:36:54 PM","v15",,"True","/","0","ANPAJ7S7AN6YQPTJC7IFS","AmazonECS_FullAccess","2/4/19 12:44:48 PM"
"arn:aws:iam::aws:policy/ServiceCatalogAdminReadOnlyAccess","0","9/29/15 1:40:35 PM","v5",,"True","/","0","ANPAJ7XOUSS75M4LIPKO4","ServiceCatalogAdminReadOnlyAccess","8/8/17 1:57:36 PM"
"arn:aws:iam::aws:policy/aws-service-role/AWSApplicationAutoscalingRDSClusterPolicy","0","10/17/17 12:46:56 PM","v3",,"True","/aws-service-role/","0","ANPAJ7XS52I27Q2JVKALU","AWSApplicationAutoscalingRDSClusterPolicy","8/7/18 2:14:24 PM"
"arn:aws:iam::aws:policy/aws-service-role/AWSServiceRoleForEC2ScheduledInstances","0","10/12/17 1:31:55 PM","v1",,"True","/aws-service-role/","0","ANPAJ7Y4TT63D6QBKCY4O","AWSServiceRoleForEC2ScheduledInstances","10/12/17 1:31:55 PM"
"arn:aws:iam::aws:policy/service-role/AWSCodeDeployRoleForLambda","0","11/28/17 8:05:44 AM","v2",,"True","/service-role/","0","ANPAJA3RQZIKNOSJ4ZQSA","AWSCodeDeployRoleForLambda","12/1/17 4:32:58 PM"
"arn:aws:iam::aws:policy/AWSFMAdminReadOnlyAccess","0","5/9/18 3:07:39 PM","v1",,"True","/","0","ANPAJA3UKVVBN62QFIKLW","AWSFMAdminReadOnlyAccess","5/9/18 3:07:39 PM"
"arn:aws:iam::aws:policy/AmazonSSMFullAccess","0","5/29/15 12:39:47 PM","v3",,"True","/","0","ANPAJA7V6HI4ISQFMDYAG","AmazonSSMFullAccess","7/23/18 5:53:18 PM"
"arn:aws:iam::aws:policy/AWSCodeCommitReadOnly","0","7/9/15 12:05:06 PM","v2",,"True","/","0","ANPAJACNSXR7Z2VLJW3D6","AWSCodeCommitReadOnly","11/20/17 2:01:56 PM"
"arn:aws:iam::aws:policy/AmazonEC2ContainerServiceFullAccess","0","4/24/15 11:54:35 AM","v4",,"True","/","0","ANPAJALOYVTPDZEMIACSM","AmazonEC2ContainerServiceFullAccess","6/7/17 7:18:56 PM"
"arn:aws:iam::aws:policy/AmazonFreeRTOSFullAccess","0","11/29/17 9:32:51 AM","v1",,"True","/","0","ANPAJAN6PSDCOH6HXG2SE","AmazonFreeRTOSFullAccess","11/29/17 9:32:51 AM"
"arn:aws:iam::aws:policy/service-role/AmazonTextractServiceRole","0","11/28/18 1:12:16 PM","v1",,"True","/service-role/","0","ANPAJBDSAWESWLL34WASG","AmazonTextractServiceRole","11/28/18 1:12:16 PM"
"arn:aws:iam::aws:policy/AmazonCognitoReadOnly","0","3/24/15 12:06:46 PM","v3",,"True","/","0","ANPAJBFTRZD2GQGJHSVQK","AmazonCognitoReadOnly","2/15/19 6:18:11 PM"
"arn:aws:iam::aws:policy/service-role/AmazonDMSCloudWatchLogsRole","0","1/7/16 5:44:53 PM","v1",,"True","/service-role/","0","ANPAJBG7UXZZXUJD3TDJE","AmazonDMSCloudWatchLogsRole","1/7/16 5:44:53 PM"
"arn:aws:iam::aws:policy/AWSApplicationDiscoveryServiceFullAccess","0","5/11/16 4:30:50 PM","v3",,"True","/","0","ANPAJBNJEA6ZXM2SBOPDU","AWSApplicationDiscoveryServiceFullAccess","8/16/18 11:02:27 AM"
"arn:aws:iam::aws:policy/AmazonRoute53AutoNamingReadOnlyAccess","0","1/17/18 9:02:59 PM","v1",,"True","/","0","ANPAJBPMV2EFBFFKJ6SI4","AmazonRoute53AutoNamingReadOnlyAccess","1/17/18 9:02:59 PM"
"arn:aws:iam::aws:policy/AWSSSOReadOnly","0","6/27/18 3:24:34 PM","v3",,"True","/","0","ANPAJBSMEEZXFDMKMY43I","AWSSSOReadOnly","12/19/18 2:17:58 PM"
"arn:aws:iam::aws:policy/AmazonVPCFullAccess","0","2/6/15 12:41:16 PM","v7",,"True","/","0","ANPAJBWPGNOVKZD3JI2P2","AmazonVPCFullAccess","3/15/18 1:30:25 PM"
"arn:aws:iam::aws:policy/AWSCertificateManagerPrivateCAUser","0","10/23/18 11:53:33 AM","v3",,"True","/","0","ANPAJBXCSJJULLMRWSNII","AWSCertificateManagerPrivateCAUser","3/14/19 12:17:02 PM"
"arn:aws:iam::aws:policy/AWSAppSyncAdministrator","0","3/20/18 4:20:28 PM","v1",,"True","/","0","ANPAJBYY36AJPXTTWIXCY","AWSAppSyncAdministrator","3/20/18 4:20:28 PM"
"arn:aws:iam::aws:policy/aws-service-role/AWSEC2FleetServiceRolePolicy","0","3/20/18 7:08:55 PM","v2",,"True","/aws-service-role/","0","ANPAJCL355O4TC27CPKVC","AWSEC2FleetServiceRolePolicy","4/19/18 4:37:07 PM"
"arn:aws:iam::aws:policy/AmazonRoute53AutoNamingFullAccess","0","1/18/18 12:40:41 PM","v1",,"True","/","0","ANPAJCNJBBLMJN2ZMV62Y","AmazonRoute53AutoNamingFullAccess","1/18/18 12:40:41 PM"
"arn:aws:iam::aws:policy/AWSImportExportFullAccess","0","2/6/15 12:40:43 PM","v1",,"True","/","0","ANPAJCQCT4JGTLC6722MQ","AWSImportExportFullAccess","2/6/15 12:40:43 PM"
"arn:aws:iam::aws:policy/aws-service-role/DynamoDBReplicationServiceRolePolicy","0","11/9/17 5:55:34 PM","v3",,"True","/aws-service-role/","0","ANPAJCUNRXL4BWASNJED2","DynamoDBReplicationServiceRolePolicy","7/2/18 4:48:12 PM"
"arn:aws:iam::aws:policy/AmazonMechanicalTurkFullAccess","0","12/11/15 1:08:19 PM","v1",,"True","/","0","ANPAJDGCL5BET73H5QIQC","AmazonMechanicalTurkFullAccess","12/11/15 1:08:19 PM"
"arn:aws:iam::aws:policy/AmazonEC2ContainerRegistryPowerUser","0","12/21/15 11:05:33 AM","v2",,"True","/","0","ANPAJDNE5PIHROIBGGDDW","AmazonEC2ContainerRegistryPowerUser","10/11/16 5:28:07 PM"
"arn:aws:iam::aws:policy/AWSSSODirectoryReadOnly","0","10/31/18 6:49:32 PM","v1",,"True","/","0","ANPAJDPMQELJXZD2NC6JG","AWSSSODirectoryReadOnly","10/31/18 6:49:32 PM"
"arn:aws:iam::aws:policy/AmazonMachineLearningCreateOnlyAccess","0","4/9/15 12:18:09 PM","v2",,"True","/","0","ANPAJDRUNIC2RYAMAT3CK","AmazonMachineLearningCreateOnlyAccess","6/29/16 3:55:03 PM"
"arn:aws:iam::aws:policy/AmazonKinesisVideoStreamsReadOnlyAccess","0","12/1/17 5:14:32 PM","v1",,"True","/","0","ANPAJDS2DKUCYTEA7M6UA","AmazonKinesisVideoStreamsReadOnlyAccess","12/1/17 5:14:32 PM"
"arn:aws:iam::aws:policy/AWSCloudTrailReadOnlyAccess","0","2/6/15 12:39:59 PM","v7",,"True","/","0","ANPAJDU7KJADWBSEQ3E7S","AWSCloudTrailReadOnlyAccess","12/11/17 1:51:37 PM"
"arn:aws:iam::aws:policy/aws-service-role/WAFRegionalLoggingServiceRolePolicy","0","8/24/18 1:40:55 PM","v1",,"True","/aws-service-role/","0","ANPAJE43HAZMEH4CI6SU2","WAFRegionalLoggingServiceRolePolicy","8/24/18 1:40:55 PM"
"arn:aws:iam::aws:policy/AWSLambdaExecute","0","2/6/15 12:40:46 PM","v1",,"True","/","0","ANPAJE5FX7FQZSU5XAKGO","AWSLambdaExecute","2/6/15 12:40:46 PM"
"arn:aws:iam::aws:policy/AWSGlueConsoleSageMakerNotebookFullAccess","0","10/5/18 12:52:35 PM","v1",,"True","/","0","ANPAJELFOHJC42QS3ZSYY","AWSGlueConsoleSageMakerNotebookFullAccess","10/5/18 12:52:35 PM"
"arn:aws:iam::aws:policy/AmazonMSKFullAccess","0","1/14/19 4:07:52 PM","v1",,"True","/","0","ANPAJERQQQTWI5OMENTQE","AmazonMSKFullAccess","1/14/19 4:07:52 PM"
"arn:aws:iam::aws:policy/service-role/AWSIoTRuleActions","0","10/8/15 10:14:51 AM","v2",,"True","/service-role/","0","ANPAJEZ6FS7BUZVUHMOKY","AWSIoTRuleActions","1/16/18 1:28:19 PM"
"arn:aws:iam::aws:policy/AmazonEKSServicePolicy","0","5/27/18 4:08:21 PM","v3",,"True","/","0","ANPAJFCNXU6HPGCIVXYDI","AmazonEKSServicePolicy","2/26/19 3:01:48 PM"
"arn:aws:iam::aws:policy/service-role/AWSQuickSightDescribeRedshift","0","11/10/15 5:25:01 PM","v1",,"True","/service-role/","0","ANPAJFEM6MLSLTW4ZNBW2","AWSQuickSightDescribeRedshift","11/10/15 5:25:01 PM"
"arn:aws:iam::aws:policy/aws-service-role/AmazonElasticsearchServiceRolePolicy","0","7/6/17 7:15:31 PM","v2",,"True","/aws-service-role/","0","ANPAJFEWZPHXKLCVHEUIC","AmazonElasticsearchServiceRolePolicy","2/8/18 3:38:27 PM"
"arn:aws:iam::aws:policy/AmazonMQReadOnlyAccess","0","11/28/17 9:30:32 AM","v2",,"True","/","0","ANPAJFH3NKGULDUU66D5C","AmazonMQReadOnlyAccess","11/28/17 1:02:03 PM"
"arn:aws:iam::aws:policy/service-role/VMImportExportRoleForAWSConnector","0","9/3/15 3:48:59 PM","v1",,"True","/service-role/","0","ANPAJFLQOOJ6F5XNX4LAW","VMImportExportRoleForAWSConnector","9/3/15 3:48:59 PM"
"arn:aws:iam::aws:policy/AWSCodePipelineCustomActionAccess","0","7/9/15 12:02:54 PM","v1",,"True","/","0","ANPAJFW5Z32BTVF76VCYC","AWSCodePipelineCustomActionAccess","7/9/15 12:02:54 PM"
"arn:aws:iam::aws:policy/service-role/AWSLambdaSQSQueueExecutionRole","0","6/14/18 4:50:45 PM","v1",,"True","/service-role/","0","ANPAJFWJZI6JNND4TSELK","AWSLambdaSQSQueueExecutionRole","6/14/18 4:50:45 PM"
"arn:aws:iam::aws:policy/aws-service-role/AWSCloud9ServiceRolePolicy","0","11/30/17 7:44:08 AM","v2",,"True","/aws-service-role/","0","ANPAJFXGCBXQIZATFZ4YG","AWSCloud9ServiceRolePolicy","2/27/18 4:20:24 AM"
"arn:aws:iam::aws:policy/aws-service-role/AWSApplicationAutoscalingECSServicePolicy","0","10/25/17 6:53:08 PM","v1",,"True","/aws-service-role/","0","ANPAJFXLLV7AKH5PSFOYG","AWSApplicationAutoscalingECSServicePolicy","10/25/17 6:53:08 PM"
"arn:aws:iam::aws:policy/AWSOpsWorksInstanceRegistration","0","6/3/16 9:23:15 AM","v1",,"True","/","0","ANPAJG3LCPVNI4WDZCIMU","AWSOpsWorksInstanceRegistration","6/3/16 9:23:15 AM"
"arn:aws:iam::aws:policy/AmazonCloudDirectoryFullAccess","0","2/24/17 6:41:39 PM","v1",,"True","/","0","ANPAJG3XQK77ATFLCF2CK","AmazonCloudDirectoryFullAccess","2/24/17 6:41:39 PM"
"arn:aws:iam::aws:policy/service-role/AmazonECSTaskExecutionRolePolicy","0","11/16/17 12:48:22 PM","v1",,"True","/service-role/","0","ANPAJG4T4G4PV56DE72PY","AmazonECSTaskExecutionRolePolicy","11/16/17 12:48:22 PM"
"arn:aws:iam::aws:policy/AWSStorageGatewayFullAccess","0","2/6/15 12:41:09 PM","v1",,"True","/","0","ANPAJG5SSPAVOGK3SIDGU","AWSStorageGatewayFullAccess","2/6/15 12:41:09 PM"
"arn:aws:iam::aws:policy/AWSIoTEventsFullAccess","0","1/10/19 4:51:57 PM","v1",,"True","/","0","ANPAJGA726P7LVUWJZ2LM","AWSIoTEventsFullAccess","1/10/19 4:51:57 PM"
"arn:aws:iam::aws:policy/AmazonLexReadOnly","0","4/11/17 6:13:33 PM","v1",,"True","/","0","ANPAJGBI5LSMAJNDGBNAM","AmazonLexReadOnly","4/11/17 6:13:33 PM"
"arn:aws:iam::aws:policy/aws-service-role/TagPoliciesServiceRolePolicy","0","10/26/18 3:02:52 PM","v1",,"True","/aws-service-role/","0","ANPAJGGCZXCABSYJA7UBI","TagPoliciesServiceRolePolicy","10/26/18 3:02:52 PM"
"arn:aws:iam::aws:policy/AmazonChimeUserManagement","0","11/1/17 5:17:26 PM","v5",,"True","/","0","ANPAJGLHVUHNMQPSDGSOO","AmazonChimeUserManagement","12/19/18 3:29:09 PM"
"arn:aws:iam::aws:policy/AmazonMSKReadOnlyAccess","0","1/14/19 4:28:45 PM","v1",,"True","/","0","ANPAJGMUI3DP2EVP3VGYO","AmazonMSKReadOnlyAccess","1/14/19 4:28:45 PM"
"arn:aws:iam::aws:policy/AWSDataSyncFullAccess","0","1/18/19 1:40:36 PM","v1",,"True","/","0","ANPAJGOHCDUQULZJKDGT4","AWSDataSyncFullAccess","1/18/19 1:40:36 PM"
"arn:aws:iam::aws:policy/aws-service-role/AWSServiceRoleForIoTSiteWise","0","11/14/18 1:19:17 PM","v3",,"True","/aws-service-role/","0","ANPAJGQU4DZIQP6HLYQPE","AWSServiceRoleForIoTSiteWise","2/11/19 2:49:09 PM"
"arn:aws:iam::aws:policy/aws-service-role/CloudwatchApplicationInsightsServiceLinkedRolePolicy","0","12/1/18 10:22:12 AM","v1",,"True","/aws-service-role/","0","ANPAJH3SHQERZRQMQOQ44","CloudwatchApplicationInsightsServiceLinkedRolePolicy","12/1/18 10:22:12 AM"
"arn:aws:iam::aws:policy/aws-service-role/AWSTrustedAdvisorServiceRolePolicy","1","2/22/18 3:24:25 PM","v5",,"True","/aws-service-role/","0","ANPAJH4QJ2WMHBOB47BUE","AWSTrustedAdvisorServiceRolePolicy","1/22/19 1:58:36 PM"
"arn:aws:iam::aws:policy/AWSIoTConfigReadOnlyAccess","0","10/27/15 4:52:31 PM","v7",,"True","/","0","ANPAJHENEMXGX4XMFOIOI","AWSIoTConfigReadOnlyAccess","7/18/18 4:22:11 PM"
"arn:aws:iam::aws:policy/AmazonWorkMailReadOnlyAccess","0","2/6/15 12:40:42 PM","v2",,"True","/","0","ANPAJHF7J65E2QFKCWAJM","AmazonWorkMailReadOnlyAccess","12/4/18 7:40:28 AM"
"arn:aws:iam::aws:policy/service-role/AmazonDMSVPCManagementRole","0","11/18/15 10:33:19 AM","v3",,"True","/service-role/","0","ANPAJHKIGMBQI4AEFFSYO","AmazonDMSVPCManagementRole","5/23/16 11:29:57 AM"
"arn:aws:iam::aws:policy/service-role/AWSLambdaKinesisExecutionRole","0","4/9/15 10:14:16 AM","v2",,"True","/service-role/","0","ANPAJHOLKJPXV4GBRMJUQ","AWSLambdaKinesisExecutionRole","11/19/18 2:09:24 PM"
"arn:aws:iam::aws:policy/service-role/ComprehendDataAccessRolePolicy","0","3/6/19 4:28:15 PM","v1",,"True","/service-role/","0","ANPAJHSDRRKS2Z3MYUPQY","ComprehendDataAccessRolePolicy","3/6/19 4:28:15 PM"
"arn:aws:iam::aws:policy/AmazonDocDBConsoleFullAccess","0","1/9/19 2:37:28 PM","v1",,"True","/","0","ANPAJHV6VMSNDDHJ3ESNI","AmazonDocDBConsoleFullAccess","1/9/19 2:37:28 PM"
"arn:aws:iam::aws:policy/ResourceGroupsandTagEditorReadOnlyAccess","0","2/6/15 12:39:54 PM","v2",,"True","/","0","ANPAJHXQTPI5I5JKAIU74","ResourceGroupsandTagEditorReadOnlyAccess","3/7/19 1:43:17 PM"
"arn:aws:iam::aws:policy/service-role/AmazonRekognitionServiceRole","0","11/29/17 10:52:13 AM","v1",,"True","/service-role/","0","ANPAJI6Q3CUQAVBJ2CTE2","AmazonRekognitionServiceRole","11/29/17 10:52:13 AM"
"arn:aws:iam::aws:policy/service-role/AmazonSSMAutomationRole","0","12/5/16 4:09:55 PM","v5",,"True","/service-role/","0","ANPAJIBQCTBCXD2XRNB6W","AmazonSSMAutomationRole","7/24/17 6:29:12 PM"
"arn:aws:iam::aws:policy/aws-service-role/CloudHSMServiceRolePolicy","0","11/6/17 1:12:46 PM","v1",,"True","/aws-service-role/","0","ANPAJILYY7JP6JLMQG56I","CloudHSMServiceRolePolicy","11/6/17 1:12:46 PM"
"arn:aws:iam::aws:policy/ComprehendReadOnly","0","11/29/17 12:10:19 PM","v5",,"True","/","0","ANPAJIUV5K2YCHQBBAH7G","ComprehendReadOnly","11/19/18 7:54:51 PM"
"arn:aws:iam::aws:policy/AWSStepFunctionsConsoleFullAccess","0","1/11/17 3:54:31 PM","v2",,"True","/","0","ANPAJIYC52YWRX6OSMJWK","AWSStepFunctionsConsoleFullAccess","1/11/17 6:19:34 PM"
"arn:aws:iam::aws:policy/AWSQuickSightIoTAnalyticsAccess","0","11/29/17 11:00:54 AM","v1",,"True","/","0","ANPAJIZNDRUTKCN5HLZOE","AWSQuickSightIoTAnalyticsAccess","11/29/17 11:00:54 AM"
"arn:aws:iam::aws:policy/AWSCodeBuildReadOnlyAccess","0","12/1/16 1:03:41 PM","v3",,"True","/","0","ANPAJIZZWN6557F5HVP2K","AWSCodeBuildReadOnlyAccess","11/15/18 3:38:34 PM"
"arn:aws:iam::aws:policy/aws-service-role/LexBotPolicy","0","2/17/17 4:18:13 PM","v1",,"True","/aws-service-role/","0","ANPAJJ3NZRBBQKSESXXJC","LexBotPolicy","2/17/17 4:18:13 PM"
"arn:aws:iam::aws:policy/AmazonMacieFullAccess","0","8/14/17 9:54:30 AM","v2",,"True","/","0","ANPAJJF2N5FR6S5TZN5OA","AmazonMacieFullAccess","6/28/18 10:54:57 AM"
"arn:aws:iam::aws:policy/AmazonMachineLearningManageRealTimeEndpointOnlyAccess","0","4/9/15 12:32:41 PM","v1",,"True","/","0","ANPAJJL3PC3VCSVZP6OCI","AmazonMachineLearningManageRealTimeEndpointOnlyAccess","4/9/15 12:32:41 PM"
"arn:aws:iam::aws:policy/service-role/CloudWatchEventsInvocationAccess","0","1/14/16 12:36:33 PM","v1",,"True","/service-role/","0","ANPAJJXD6JKJLK2WDLZNO","CloudWatchEventsInvocationAccess","1/14/16 12:36:33 PM"
"arn:aws:iam::aws:policy/CloudFrontReadOnlyAccess","0","2/6/15 12:39:55 PM","v3",,"True","/","0","ANPAJJZMNYOTZCNQP36LG","CloudFrontReadOnlyAccess","1/21/16 11:03:28 AM"
"arn:aws:iam::aws:policy/service-role/AWSDeepLensServiceRolePolicy","0","11/29/17 9:46:36 AM","v5",,"True","/service-role/","0","ANPAJK2Z2S7FPJFCYGR72","AWSDeepLensServiceRolePolicy","6/7/18 4:25:01 PM"
"arn:aws:iam::aws:policy/service-role/AmazonSNSRole","0","2/6/15 12:41:30 PM","v1",,"True","/service-role/","0","ANPAJK5GQB7CIK7KHY2GA","AmazonSNSRole","2/6/15 12:41:30 PM"
"arn:aws:iam::aws:policy/aws-service-role/AmazonInspectorServiceRolePolicy","0","11/21/17 9:48:27 AM","v4",,"True","/aws-service-role/","0","ANPAJKBMSBWLU2TGXHHUQ","AmazonInspectorServiceRolePolicy","5/10/18 1:36:01 PM"
"arn:aws:iam::aws:policy/AmazonMobileAnalyticsFinancialReportAccess","0","2/6/15 12:40:35 PM","v1",,"True","/","0","ANPAJKJHO2R27TXKCWBU4","AmazonMobileAnalyticsFinancialReportAccess","2/6/15 12:40:35 PM"
"arn:aws:iam::aws:policy/service-role/AWSElasticBeanstalkService","0","4/11/16 3:27:23 PM","v15",,"True","/service-role/","0","ANPAJKQ5SN74ZQ4WASXBM","AWSElasticBeanstalkService","2/5/19 11:46:21 AM"
"arn:aws:iam::aws:policy/IAMReadOnlyAccess","0","2/6/15 12:40:39 PM","v4",,"True","/","0","ANPAJKSO7NDY4T57MWDSQ","IAMReadOnlyAccess","1/25/18 1:11:27 PM"
"arn:aws:iam::aws:policy/AmazonRDSReadOnlyAccess","0","2/6/15 12:40:53 PM","v3",,"True","/","0","ANPAJKTTTYV2IIHKLZ346","AmazonRDSReadOnlyAccess","8/28/17 4:36:32 PM"
"arn:aws:iam::aws:policy/service-role/AWSIoTDeviceDefenderAudit","0","7/18/18 4:17:40 PM","v1",,"True","/service-role/","0","ANPAJKUN6OAGIHZ66TRKO","AWSIoTDeviceDefenderAudit","7/18/18 4:17:40 PM"
"arn:aws:iam::aws:policy/AmazonCognitoPowerUser","0","3/24/15 12:14:56 PM","v2",,"True","/","0","ANPAJKW5H2HNCPGCYGR6Y","AmazonCognitoPowerUser","6/2/16 11:57:56 AM"
"arn:aws:iam::aws:policy/AmazonRoute53AutoNamingRegistrantAccess","0","3/12/18 5:33:20 PM","v1",,"True","/","0","ANPAJKXLG7EKP2O5SVZW6","AmazonRoute53AutoNamingRegistrantAccess","3/12/18 5:33:20 PM"
"arn:aws:iam::aws:policy/AmazonElasticFileSystemFullAccess","0","5/27/15 11:22:28 AM","v3",,"True","/","0","ANPAJKXTMNVQGIDNCKPBC","AmazonElasticFileSystemFullAccess","8/14/17 5:18:34 AM"
"arn:aws:iam::aws:policy/aws-service-role/LexChannelPolicy","0","2/17/17 5:23:24 PM","v1",,"True","/aws-service-role/","0","ANPAJKYEISPO63JTBJWPY","LexChannelPolicy","2/17/17 5:23:24 PM"
"arn:aws:iam::aws:policy/ServerMigrationConnector","0","10/24/16 4:45:56 PM","v1",,"True","/","0","ANPAJKZRWXIPK5HSG3QDQ","ServerMigrationConnector","10/24/16 4:45:56 PM"
"arn:aws:iam::aws:policy/AmazonESCognitoAccess","0","2/28/18 4:29:18 PM","v1",,"True","/","0","ANPAJL2FUMODIGNDPTZHO","AmazonESCognitoAccess","2/28/18 4:29:18 PM"
"arn:aws:iam::aws:policy/AWSFMAdminFullAccess","0","5/9/18 1:06:18 PM","v1",,"True","/","0","ANPAJLAGM5X6WSNPF4EAQ","AWSFMAdminFullAccess","5/9/18 1:06:18 PM"
"arn:aws:iam::aws:policy/AmazonChimeReadOnly","0","11/1/17 5:04:17 PM","v4",,"True","/","0","ANPAJLBFZZFABRXVWRTCI","AmazonChimeReadOnly","3/30/18 11:24:43 AM"
"arn:aws:iam::aws:policy/AmazonZocaloFullAccess","0","2/6/15 12:41:13 PM","v1",,"True","/","0","ANPAJLCDXYRINDMUXEVL6","AmazonZocaloFullAccess","2/6/15 12:41:13 PM"
"arn:aws:iam::aws:policy/AWSLambdaReadOnlyAccess","0","2/6/15 12:40:44 PM","v8",,"True","/","0","ANPAJLDG7J3CGUHFN4YN6","AWSLambdaReadOnlyAccess","9/6/18 1:04:54 PM"
"arn:aws:iam::aws:policy/AWSIoTSiteWiseReadOnlyAccess","0","12/4/18 2:55:11 PM","v1",,"True","/","0","ANPAJLHEAFKME2QL64WKK","AWSIoTSiteWiseReadOnlyAccess","12/4/18 2:55:11 PM"
"arn:aws:iam::aws:policy/AWSAccountUsageReportAccess","0","2/6/15 12:41:19 PM","v1",,"True","/","0","ANPAJLIB4VSBVO47ZSBB6","AWSAccountUsageReportAccess","2/6/15 12:41:19 PM"
"arn:aws:iam::aws:policy/service-role/AWSIoTOTAUpdate","0","12/20/17 2:36:53 PM","v1",,"True","/service-role/","0","ANPAJLJYWX53STBZFPUEY","AWSIoTOTAUpdate","12/20/17 2:36:53 PM"
"arn:aws:iam::aws:policy/AmazonMQFullAccess","0","11/28/17 9:28:29 AM","v4",,"True","/","0","ANPAJLKBROJNQYDDXOOGG","AmazonMQFullAccess","12/18/18 2:33:17 PM"
"arn:aws:iam::aws:policy/AWSMarketplaceGetEntitlements","0","3/27/17 2:37:24 PM","v1",,"True","/","0","ANPAJLPIMQE4WMHDC2K7C","AWSMarketplaceGetEntitlements","3/27/17 2:37:24 PM"
"arn:aws:iam::aws:policy/AWSGreengrassReadOnlyAccess","0","10/30/18 11:01:43 AM","v1",,"True","/","0","ANPAJLSKLXFVTQTZ5GY3I","AWSGreengrassReadOnlyAccess","10/30/18 11:01:43 AM"
"arn:aws:iam::aws:policy/service-role/AmazonEC2ContainerServiceforEC2Role","0","3/19/15 1:45:18 PM","v5",,"True","/service-role/","0","ANPAJLYJCVHC7TQHCSQDS","AmazonEC2ContainerServiceforEC2Role","5/17/17 6:09:13 PM"
"arn:aws:iam::aws:policy/AmazonAppStreamFullAccess","0","2/6/15 12:40:09 PM","v3",,"True","/","0","ANPAJLZZXU2YQVGL4QDNC","AmazonAppStreamFullAccess","9/10/18 12:29:25 PM"
"arn:aws:iam::aws:policy/AWSIoTDataAccess","0","10/27/15 4:51:18 PM","v2",,"True","/","0","ANPAJM2KI2UJDR24XPS2K","AWSIoTDataAccess","11/16/17 12:24:11 PM"
"arn:aws:iam::aws:policy/AmazonWorkLinkFullAccess","0","1/23/19 12:52:09 PM","v1",,"True","/","0","ANPAJM4ITL7TEVURHCQSY","AmazonWorkLinkFullAccess","1/23/19 12:52:09 PM"
"arn:aws:iam::aws:policy/AmazonTranscribeReadOnlyAccess","0","4/4/18 11:05:06 AM","v1",,"True","/","0","ANPAJM6JONISXCAZKFCAO","AmazonTranscribeReadOnlyAccess","4/4/18 11:05:06 AM"
"arn:aws:iam::aws:policy/AmazonESFullAccess","0","10/1/15 2:14:00 PM","v1",,"True","/","0","ANPAJM6ZTCU24QL5PZCGC","AmazonESFullAccess","10/1/15 2:14:00 PM"
"arn:aws:iam::aws:policy/service-role/ServerMigrationServiceRole","0","10/24/16 4:19:00 PM","v3",,"True","/service-role/","0","ANPAJMBH3M6BO63XFW2D4","ServerMigrationServiceRole","11/26/18 1:33:29 PM"
"arn:aws:iam::aws:policy/aws-service-role/ApplicationDiscoveryServiceContinuousExportServiceRolePolicy","0","8/9/18 3:22:01 PM","v2",,"True","/aws-service-role/","0","ANPAJMGMY3P6OEWOELRFE","ApplicationDiscoveryServiceContinuousExportServiceRolePolicy","8/13/18 5:31:21 PM"
"arn:aws:iam::aws:policy/AmazonSumerianFullAccess","0","4/24/18 3:14:16 PM","v1",,"True","/","0","ANPAJMGUENPB56MXVVGBE","AmazonSumerianFullAccess","4/24/18 3:14:16 PM"
"arn:aws:iam::aws:policy/AWSWAFFullAccess","0","10/6/15 3:44:00 PM","v2",,"True","/","0","ANPAJMIKIAFXZEGOLRH7C","AWSWAFFullAccess","12/7/16 3:33:25 PM"
"arn:aws:iam::aws:policy/ElasticLoadBalancingReadOnly","0","9/20/18 3:17:09 PM","v1",,"True","/","0","ANPAJMO7B7SNFLQ6HH736","ElasticLoadBalancingReadOnly","9/20/18 3:17:09 PM"
"arn:aws:iam::aws:policy/service-role/AWSArtifactAccountSync","0","4/10/18 6:04:33 PM","v1",,"True","/service-role/","0","ANPAJMVPXRWZJZWDTYDNC","AWSArtifactAccountSync","4/10/18 6:04:33 PM"
"arn:aws:iam::aws:policy/AmazonKinesisFirehoseFullAccess","0","10/7/15 1:45:26 PM","v1",,"True","/","0","ANPAJMZQMTZ7FRBFHHAHI","AmazonKinesisFirehoseFullAccess","10/7/15 1:45:26 PM"
"arn:aws:iam::aws:policy/CloudWatchReadOnlyAccess","0","2/6/15 12:40:01 PM","v3",,"True","/","0","ANPAJN23PDQP7SZQAE3QE","CloudWatchReadOnlyAccess","5/10/18 4:40:42 PM"
"arn:aws:iam::aws:policy/service-role/AWSLambdaBasicExecutionRole","0","4/9/15 10:03:43 AM","v1",,"True","/service-role/","0","ANPAJNCQGXC42545SKXIK","AWSLambdaBasicExecutionRole","4/9/15 10:03:43 AM"
"arn:aws:iam::aws:policy/ResourceGroupsandTagEditorFullAccess","0","2/6/15 12:39:53 PM","v4",,"True","/","0","ANPAJNOS54ZFXN4T2Y34A","ResourceGroupsandTagEditorFullAccess","3/7/19 3:54:03 PM"
"arn:aws:iam::aws:policy/AWSKeyManagementServicePowerUser","0","2/6/15 12:40:40 PM","v2",,"True","/","0","ANPAJNPP7PPPPMJRV2SA4","AWSKeyManagementServicePowerUser","3/6/17 6:55:11 PM"
"arn:aws:iam::aws:policy/aws-service-role/AWSApplicationAutoscalingEC2SpotFleetRequestPolicy","0","10/25/17 1:23:27 PM","v1",,"True","/aws-service-role/","0","ANPAJNRH3VE3WW4Q4RDTU","AWSApplicationAutoscalingEC2SpotFleetRequestPolicy","10/25/17 1:23:27 PM"
"arn:aws:iam::aws:policy/AWSImportExportReadOnlyAccess","0","2/6/15 12:40:42 PM","v1",,"True","/","0","ANPAJNTV4OG52ESYZHCNK","AWSImportExportReadOnlyAccess","2/6/15 12:40:42 PM"
"arn:aws:iam::aws:policy/aws-service-role/CloudWatchEventsServiceRolePolicy","0","11/16/17 6:42:04 PM","v1",,"True","/aws-service-role/","0","ANPAJNVASSNSIDZIP4X7I","CloudWatchEventsServiceRolePolicy","11/16/17 6:42:04 PM"
"arn:aws:iam::aws:policy/service-role/AmazonElasticTranscoderRole","0","2/6/15 12:41:26 PM","v1",,"True","/service-role/","0","ANPAJNW3WMKVXFJ2KPIQ2","AmazonElasticTranscoderRole","2/6/15 12:41:26 PM"
"arn:aws:iam::aws:policy/AWSGlueConsoleFullAccess","0","8/14/17 8:37:39 AM","v12",,"True","/","0","ANPAJNZGDEOD7MISOVSVI","AWSGlueConsoleFullAccess","2/11/19 1:49:01 PM"
"arn:aws:iam::aws:policy/service-role/AmazonEC2ContainerServiceRole","0","4/9/15 11:14:19 AM","v2",,"True","/service-role/","0","ANPAJO53W2XHNACG7V77Q","AmazonEC2ContainerServiceRole","8/11/16 8:08:01 AM"
"arn:aws:iam::aws:policy/AWSDeviceFarmFullAccess","0","7/13/15 11:37:38 AM","v1",,"True","/","0","ANPAJO7KEDP4VYJPNT5UW","AWSDeviceFarmFullAccess","7/13/15 11:37:38 AM"
"arn:aws:iam::aws:policy/AmazonSSMReadOnlyAccess","0","5/29/15 12:44:19 PM","v1",,"True","/","0","ANPAJODSKQGGJTHRYZ5FC","AmazonSSMReadOnlyAccess","5/29/15 12:44:19 PM"
"arn:aws:iam::aws:policy/AWSStepFunctionsReadOnlyAccess","0","1/11/17 3:46:19 PM","v2",,"True","/","0","ANPAJONHB2TJQDJPFW5TM","AWSStepFunctionsReadOnlyAccess","11/10/17 4:03:49 PM"
"arn:aws:iam::aws:policy/AWSMarketplaceRead-only","0","2/6/15 12:40:31 PM","v2",,"True","/","0","ANPAJOOM6LETKURTJ3XZ2","AWSMarketplaceRead-only","7/31/18 6:24:24 PM"
"arn:aws:iam::aws:policy/aws-service-role/AWSApplicationAutoscalingDynamoDBTablePolicy","0","10/20/17 4:34:57 PM","v1",,"True","/aws-service-role/","0","ANPAJOVQMDI3JFCBW4LFO","AWSApplicationAutoscalingDynamoDBTablePolicy","10/20/17 4:34:57 PM"
"arn:aws:iam::aws:policy/AWSCodePipelineFullAccess","0","7/9/15 11:58:07 AM","v5",,"True","/","0","ANPAJP5LH77KSAT2KHQGG","AWSCodePipelineFullAccess","11/1/16 2:59:46 PM"
"arn:aws:iam::aws:policy/AWSCloud9User","0","11/30/17 10:16:17 AM","v3",,"True","/","0","ANPAJPFGFWQF67QVARP6U","AWSCloud9User","7/2/18 3:46:37 AM"
"arn:aws:iam::aws:policy/service-role/AWSGreengrassResourceAccessRolePolicy","0","2/14/17 3:17:24 PM","v5",,"True","/service-role/","0","ANPAJPKEIMB6YMXDEVRTM","AWSGreengrassResourceAccessRolePolicy","11/13/18 6:35:02 PM"
"arn:aws:iam::aws:policy/aws-service-role/AmazonMacieServiceRolePolicy","0","6/19/18 5:17:38 PM","v1",,"True","/aws-service-role/","0","ANPAJPLHONRH2HP2H6TNQ","AmazonMacieServiceRolePolicy","6/19/18 5:17:38 PM"
"arn:aws:iam::aws:policy/job-function/NetworkAdministrator","0","11/10/16 11:31:35 AM","v3",,"True","/job-function/","0","ANPAJPNMADZFJCVPJVZA2","NetworkAdministrator","12/13/18 1:43:41 PM"
"arn:aws:iam::aws:policy/AWSIoT1ClickFullAccess","0","5/11/18 5:10:14 PM","v1",,"True","/","0","ANPAJPQNJPDUDESCCAMIA","AWSIoT1ClickFullAccess","5/11/18 5:10:14 PM"
"arn:aws:iam::aws:policy/AmazonWorkSpacesApplicationManagerAdminAccess","0","4/9/15 9:03:18 AM","v1",,"True","/","0","ANPAJPRL4KYETIH7XGTSS","AmazonWorkSpacesApplicationManagerAdminAccess","4/9/15 9:03:18 AM"
"arn:aws:iam::aws:policy/AmazonDRSVPCManagement","0","9/1/15 7:09:20 PM","v1",,"True","/","0","ANPAJPXIBTTZMBEFEX6UA","AmazonDRSVPCManagement","9/1/15 7:09:20 PM"
"arn:aws:iam::aws:policy/aws-service-role/AmazonRedshiftServiceLinkedRolePolicy","0","9/18/17 2:19:45 PM","v2",,"True","/aws-service-role/","0","ANPAJPY2VXNRUYOY3SRZS","AmazonRedshiftServiceLinkedRolePolicy","9/25/17 4:20:15 PM"
"arn:aws:iam::aws:policy/AWSCertificateManagerPrivateCAReadOnly","0","10/23/18 11:57:04 AM","v2",,"True","/","0","ANPAJQAQT3WIXOXY7TD4A","AWSCertificateManagerPrivateCAReadOnly","3/14/19 12:17:21 PM"
"arn:aws:iam::aws:policy/AWSXrayFullAccess","0","12/1/16 12:30:55 PM","v1",,"True","/","0","ANPAJQBYG45NSJMVQDB2K","AWSXrayFullAccess","12/1/16 12:30:55 PM"
"arn:aws:iam::aws:policy/AWSElasticBeanstalkWorkerTier","0","2/8/16 5:12:02 PM","v5",,"True","/","0","ANPAJQDLBRSJVKVF4JMSK","AWSElasticBeanstalkWorkerTier","2/28/19 6:07:00 PM"
"arn:aws:iam::aws:policy/AWSDirectConnectFullAccess","0","2/6/15 12:40:07 PM","v2",,"True","/","0","ANPAJQF2QKZSK74KTIHOW","AWSDirectConnectFullAccess","8/15/18 12:39:19 PM"
"arn:aws:iam::aws:policy/AWSCodeBuildAdminAccess","0","12/1/16 1:04:44 PM","v6",,"True","/","0","ANPAJQJGIOIE3CD2TQXDS","AWSCodeBuildAdminAccess","11/15/18 3:21:56 PM"
"arn:aws:iam::aws:policy/AmazonKinesisAnalyticsFullAccess","0","9/21/16 2:01:14 PM","v1",,"True","/","0","ANPAJQOSKHTXP43R7P5AC","AmazonKinesisAnalyticsFullAccess","9/21/16 2:01:14 PM"
"arn:aws:iam::aws:policy/aws-service-role/AWSSecurityHubServiceRolePolicy","0","11/27/18 5:47:51 PM","v1",,"True","/aws-service-role/","0","ANPAJQPCESDDYDLLSOGYO","AWSSecurityHubServiceRolePolicy","11/27/18 5:47:51 PM"
"arn:aws:iam::aws:policy/aws-service-role/AWSElasticBeanstalkMaintenance","0","1/11/19 5:22:52 PM","v1",,"True","/aws-service-role/","0","ANPAJQPH22XGBH2VV2LSW","AWSElasticBeanstalkMaintenance","1/11/19 5:22:52 PM"
"arn:aws:iam::aws:policy/aws-service-role/APIGatewayServiceRolePolicy","0","10/20/17 12:23:10 PM","v3",,"True","/aws-service-role/","0","ANPAJQQDZNLDBF2ULTWK6","APIGatewayServiceRolePolicy","8/10/18 12:57:44 PM"
"arn:aws:iam::aws:policy/AWSAccountActivityAccess","0","2/6/15 12:41:18 PM","v1",,"True","/","0","ANPAJQRYCWMFX5J3E333K","AWSAccountActivityAccess","2/6/15 12:41:18 PM"
"arn:aws:iam::aws:policy/AmazonGlacierFullAccess","0","2/6/15 12:40:28 PM","v1",,"True","/","0","ANPAJQSTZJWB2AXXAKHVQ","AmazonGlacierFullAccess","2/6/15 12:40:28 PM"
"arn:aws:iam::aws:policy/AmazonFSxConsoleReadOnlyAccess","0","11/28/18 10:35:24 AM","v1",,"True","/","0","ANPAJQUISIZNHGLA6YQFM","AmazonFSxConsoleReadOnlyAccess","11/28/18 10:35:24 AM"
"arn:aws:iam::aws:policy/AmazonWorkMailFullAccess","0","2/6/15 12:40:41 PM","v5",,"True","/","0","ANPAJQVKNMT7SVATQ4AUY","AmazonWorkMailFullAccess","1/10/19 12:52:26 PM"
"arn:aws:iam::aws:policy/aws-service-role/DAXServiceRolePolicy","0","3/5/18 11:51:25 AM","v1",,"True","/aws-service-role/","0","ANPAJQWMGC67G4DWMREGM","DAXServiceRolePolicy","3/5/18 11:51:25 AM"
"arn:aws:iam::aws:policy/ComprehendMedicalFullAccess","0","11/27/18 11:55:52 AM","v1",,"True","/","0","ANPAJR5SUEX6PPJ3K4RAO","ComprehendMedicalFullAccess","11/27/18 11:55:52 AM"
"arn:aws:iam::aws:policy/AWSMarketplaceManageSubscriptions","0","2/6/15 12:40:32 PM","v1",,"True","/","0","ANPAJRDW2WIFN7QLUAKBQ","AWSMarketplaceManageSubscriptions","2/6/15 12:40:32 PM"
"arn:aws:iam::aws:policy/AWSElasticBeanstalkCustomPlatformforEC2Role","0","2/21/17 4:50:30 PM","v1",,"True","/","0","ANPAJRVFXSS6LEIQGBKDY","AWSElasticBeanstalkCustomPlatformforEC2Role","2/21/17 4:50:30 PM"
"arn:aws:iam::aws:policy/AWSDataSyncReadOnlyAccess","0","1/18/19 1:18:44 PM","v1",,"True","/","0","ANPAJRYVEZEDR7ZEAGYLY","AWSDataSyncReadOnlyAccess","1/18/19 1:18:44 PM"
"arn:aws:iam::aws:policy/aws-service-role/AWSVPCTransitGatewayServiceRolePolicy","0","11/26/18 10:21:17 AM","v1",,"True","/aws-service-role/","0","ANPAJS2PBJSYV2EZW3MIQ","AWSVPCTransitGatewayServiceRolePolicy","11/26/18 10:21:17 AM"
"arn:aws:iam::aws:policy/NeptuneReadOnlyAccess","0","5/30/18 2:16:37 PM","v1",,"True","/","0","ANPAJS5OQ5RXULC66WTGQ","NeptuneReadOnlyAccess","5/30/18 2:16:37 PM"
"arn:aws:iam::aws:policy/AWSSupportAccess","0","2/6/15 12:41:11 PM","v1",,"True","/","0","ANPAJSNKQX2OW67GF4S7E","AWSSupportAccess","2/6/15 12:41:11 PM"
"arn:aws:iam::aws:policy/service-role/AmazonElasticMapReduceforAutoScalingRole","0","11/17/16 7:09:10 PM","v1",,"True","/service-role/","0","ANPAJSVXG6QHPE6VHDZ4Q","AmazonElasticMapReduceforAutoScalingRole","11/17/16 7:09:10 PM"
"arn:aws:iam::aws:policy/AWSElementalMediaConvertReadOnly","0","6/25/18 2:25:14 PM","v1",,"True","/","0","ANPAJSXYOBSLJN3JEDO42","AWSElementalMediaConvertReadOnly","6/25/18 2:25:14 PM"
"arn:aws:iam::aws:policy/AWSLambdaInvocation-DynamoDB","0","2/6/15 12:40:47 PM","v1",,"True","/","0","ANPAJTHQ3EKCQALQDYG5G","AWSLambdaInvocation-DynamoDB","2/6/15 12:40:47 PM"
"arn:aws:iam::aws:policy/AWSServiceCatalogEndUserFullAccess","0","2/15/18 11:22:32 AM","v5",,"True","/","0","ANPAJTLLC4DGDMTZB54M4","AWSServiceCatalogEndUserFullAccess","2/5/19 8:00:22 PM"
"arn:aws:iam::aws:policy/IAMUserSSHKeys","0","7/9/15 12:08:54 PM","v1",,"True","/","0","ANPAJTSHUA4UXGXU7ANUA","IAMUserSSHKeys","7/9/15 12:08:54 PM"
"arn:aws:iam::aws:policy/service-role/AWSDeepRacerServiceRolePolicy","0","2/28/19 3:58:09 PM","v1",,"True","/service-role/","0","ANPAJTUAQLIAVBJ7LZ32S","AWSDeepRacerServiceRolePolicy","2/28/19 3:58:09 PM"
"arn:aws:iam::aws:policy/AmazonSageMakerReadOnly","0","11/29/17 7:07:09 AM","v5",,"True","/","0","ANPAJTZ2FTFCQ6CFLQA2O","AmazonSageMakerReadOnly","1/4/19 4:22:07 PM"
"arn:aws:iam::aws:policy/AWSIoTFullAccess","0","10/8/15 10:19:49 AM","v1",,"True","/","0","ANPAJU2FPGG6PQWN72V2G","AWSIoTFullAccess","10/8/15 10:19:49 AM"
"arn:aws:iam::aws:policy/service-role/AWSQuickSightDescribeRDS","0","11/10/15 5:24:50 PM","v1",,"True","/service-role/","0","ANPAJU5J6OAMCJD3OO76O","AWSQuickSightDescribeRDS","11/10/15 5:24:50 PM"
"arn:aws:iam::aws:policy/aws-service-role/AWSResourceAccessManagerServiceRolePolicy","0","11/14/18 1:28:28 PM","v1",,"True","/aws-service-role/","0","ANPAJU667A3V5UAXC4YNE","AWSResourceAccessManagerServiceRolePolicy","11/14/18 1:28:28 PM"
"arn:aws:iam::aws:policy/service-role/AWSConfigRulesExecutionRole","0","3/25/16 12:59:36 PM","v2",,"True","/service-role/","0","ANPAJUB3KIKTA4PU4OYAA","AWSConfigRulesExecutionRole","12/20/18 4:16:14 PM"
"arn:aws:iam::aws:policy/aws-service-role/AWSConfigServiceRolePolicy","0","5/30/18 6:31:46 PM","v10",,"True","/aws-service-role/","0","ANPAJUCWFHNZER665LLQQ","AWSConfigServiceRolePolicy","3/12/19 1:10:21 PM"
"arn:aws:iam::aws:policy/AmazonESReadOnlyAccess","0","10/1/15 2:18:24 PM","v2",,"True","/","0","ANPAJUDMRLOQ7FPAR46FQ","AmazonESReadOnlyAccess","10/2/18 10:32:56 PM"
"arn:aws:iam::aws:policy/AWSCodeDeployDeployerAccess","0","5/19/15 1:18:43 PM","v1",,"True","/","0","ANPAJUWEPOMGLMVXJAPUI","AWSCodeDeployDeployerAccess","5/19/15 1:18:43 PM"
"arn:aws:iam::aws:policy/aws-service-role/KafkaServiceRolePolicy","0","11/15/18 5:31:48 PM","v1",,"True","/aws-service-role/","0","ANPAJUXPRZ76MAP2EVQJU","KafkaServiceRolePolicy","11/15/18 5:31:48 PM"
"arn:aws:iam::aws:policy/AmazonPollyFullAccess","0","11/30/16 12:59:06 PM","v1",,"True","/","0","ANPAJUZOYQU6XQYPR7EWS","AmazonPollyFullAccess","11/30/16 12:59:06 PM"
"arn:aws:iam::aws:policy/service-role/AmazonSSMMaintenanceWindowRole","0","12/1/16 9:57:54 AM","v2",,"True","/service-role/","0","ANPAJV3JNYSTZ47VOXYME","AmazonSSMMaintenanceWindowRole","8/9/17 3:49:14 PM"
"arn:aws:iam::aws:policy/service-role/AmazonRDSEnhancedMonitoringRole","0","11/11/15 1:58:29 PM","v1",,"True","/service-role/","0","ANPAJV7BS425S4PTSSVGK","AmazonRDSEnhancedMonitoringRole","11/11/15 1:58:29 PM"
"arn:aws:iam::aws:policy/AmazonLexFullAccess","0","4/11/17 6:20:36 PM","v4",,"True","/","0","ANPAJVLXDHKVC23HRTKSI","AmazonLexFullAccess","11/15/17 5:55:07 PM"
"arn:aws:iam::aws:policy/service-role/AWSLambdaVPCAccessExecutionRole","0","2/11/16 5:15:26 PM","v1",,"True","/service-role/","0","ANPAJVTME3YLVNL72YR2K","AWSLambdaVPCAccessExecutionRole","2/11/16 5:15:26 PM"
"arn:aws:iam::aws:policy/service-role/AmazonMacieServiceRole","0","8/14/17 9:53:26 AM","v1",,"True","/service-role/","0","ANPAJVV7PON3FPBL2PSGC","AmazonMacieServiceRole","8/14/17 9:53:26 AM"
"arn:aws:iam::aws:policy/AmazonLexRunBotsOnly","0","4/11/17 6:06:24 PM","v1",,"True","/","0","ANPAJVZGB5CM3N6YWJHBE","AmazonLexRunBotsOnly","4/11/17 6:06:24 PM"
"arn:aws:iam::aws:policy/AWSCertificateManagerPrivateCAAuditor","0","10/23/18 11:51:08 AM","v3",,"True","/","0","ANPAJW77VE4UEBJ4PEXEY","AWSCertificateManagerPrivateCAAuditor","3/14/19 12:17:38 PM"
"arn:aws:iam::aws:policy/AmazonSNSFullAccess","0","2/6/15 12:41:05 PM","v1",,"True","/","0","ANPAJWEKLCXXUNT2SOLSG","AmazonSNSFullAccess","2/6/15 12:41:05 PM"
"arn:aws:iam::aws:policy/AWSBackupAdminPolicy","0","1/18/19 8:34:31 PM","v2",,"True","/","0","ANPAJWFPFHACTI7XN6M2C","AWSBackupAdminPolicy","3/11/19 5:14:30 PM"
"arn:aws:iam::aws:policy/AmazonEKS_CNI_Policy","0","5/27/18 4:07:42 PM","v2",,"True","/","0","ANPAJWLAS474LDBXNNTM4","AmazonEKS_CNI_Policy","5/31/18 5:16:00 PM"
"arn:aws:iam::aws:policy/AWSServiceCatalogAdminFullAccess","0","2/15/18 11:19:40 AM","v5",,"True","/","0","ANPAJWLJU4BZ7AQUJSBVM","AWSServiceCatalogAdminFullAccess","2/5/19 7:57:54 PM"
"arn:aws:iam::aws:policy/service-role/AWSShieldDRTAccessPolicy","0","6/5/18 5:29:39 PM","v3",,"True","/service-role/","0","ANPAJWNCSZ4PARLO37VVY","AWSShieldDRTAccessPolicy","2/11/19 11:08:57 AM"
"arn:aws:iam::aws:policy/CloudSearchReadOnlyAccess","0","2/6/15 12:39:57 PM","v1",,"True","/","0","ANPAJWPLX7N7BCC3RZLHW","CloudSearchReadOnlyAccess","2/6/15 12:39:57 PM"
"arn:aws:iam::aws:policy/AWSGreengrassFullAccess","0","5/2/17 7:47:37 PM","v1",,"True","/","0","ANPAJWPV6OBK4QONH4J3O","AWSGreengrassFullAccess","5/2/17 7:47:37 PM"
"arn:aws:iam::aws:policy/NeptuneConsoleFullAccess","0","6/19/18 4:35:19 PM","v2",,"True","/","0","ANPAJWTD4ELX2KRNICUVQ","NeptuneConsoleFullAccess","11/6/18 3:19:54 PM"
"arn:aws:iam::aws:policy/AWSCloudFormationReadOnlyAccess","0","2/6/15 12:39:49 PM","v3",,"True","/","0","ANPAJWVBEE4I2POWLODLW","AWSCloudFormationReadOnlyAccess","2/6/19 4:16:02 PM"
"arn:aws:iam::aws:policy/AmazonRoute53FullAccess","0","2/6/15 12:40:54 PM","v4",,"True","/","0","ANPAJWVDLG5RPST6PHQ3A","AmazonRoute53FullAccess","12/20/18 3:42:00 PM"
"arn:aws:iam::aws:policy/service-role/AWSLambdaRole","0","2/6/15 12:41:28 PM","v1",,"True","/service-role/","0","ANPAJX4DPCRGTC4NFDUXI","AWSLambdaRole","2/6/15 12:41:28 PM"
"arn:aws:iam::aws:policy/service-role/AWSLambdaENIManagementAccess","0","12/5/16 6:37:27 PM","v1",,"True","/service-role/","0","ANPAJXAW2Q3KPTURUT2QC","AWSLambdaENIManagementAccess","12/5/16 6:37:27 PM"
"arn:aws:iam::aws:policy/AWSOpsWorksCloudWatchLogs","0","3/30/17 12:47:19 PM","v1",,"True","/","0","ANPAJXFIK7WABAY5CPXM4","AWSOpsWorksCloudWatchLogs","3/30/17 12:47:19 PM"
"arn:aws:iam::aws:policy/AmazonAppStreamReadOnlyAccess","0","2/6/15 12:40:10 PM","v2",,"True","/","0","ANPAJXIFDGB4VBX23DX7K","AmazonAppStreamReadOnlyAccess","12/7/16 3:00:06 PM"
"arn:aws:iam::aws:policy/AWSStepFunctionsFullAccess","0","1/11/17 3:51:32 PM","v1",,"True","/","0","ANPAJXKA6VP3UFBVHDPPA","AWSStepFunctionsFullAccess","1/11/17 3:51:32 PM"
"arn:aws:iam::aws:policy/aws-service-role/CloudTrailServiceRolePolicy","0","10/24/18 4:21:44 PM","v1",,"True","/aws-service-role/","0","ANPAJXQJ45EGU6U7NQBW4","CloudTrailServiceRolePolicy","10/24/18 4:21:44 PM"
"arn:aws:iam::aws:policy/AmazonInspectorReadOnlyAccess","0","10/7/15 12:08:01 PM","v3",,"True","/","0","ANPAJXQNTHTEJ2JFRN2SE","AmazonInspectorReadOnlyAccess","9/12/17 11:53:06 AM"
"arn:aws:iam::aws:policy/AWSOrganizationsReadOnlyAccess","0","11/6/18 2:32:38 PM","v1",,"True","/","0","ANPAJY5RQATUV77PEPVOM","AWSOrganizationsReadOnlyAccess","11/6/18 2:32:38 PM"
"arn:aws:iam::aws:policy/TranslateReadOnly","0","11/29/17 12:22:00 PM","v4",,"True","/","0","ANPAJYAMZMTQNWUDJKY2E","TranslateReadOnly","11/27/18 5:29:08 PM"
"arn:aws:iam::aws:policy/AWSCertificateManagerFullAccess","0","1/21/16 11:02:36 AM","v1",,"True","/","0","ANPAJYCHABBP6VQIVBCBQ","AWSCertificateManagerFullAccess","1/21/16 11:02:36 AM"
"arn:aws:iam::aws:policy/AWSDeepRacerCloudFormationAccessPolicy","0","2/28/19 3:59:49 PM","v1",,"True","/","0","ANPAJYG7FM75UF5CW5ICS","AWSDeepRacerCloudFormationAccessPolicy","2/28/19 3:59:49 PM"
"arn:aws:iam::aws:policy/AWSIoTEventsReadOnlyAccess","0","1/10/19 4:50:08 PM","v1",,"True","/","0","ANPAJYJFNAR7CN5JW52PG","AWSIoTEventsReadOnlyAccess","1/10/19 4:50:08 PM"
"arn:aws:iam::aws:policy/aws-service-role/AWSRoboMakerServicePolicy","0","11/26/18 12:30:08 AM","v1",,"True","/aws-service-role/","0","ANPAJYLVVUUQMAEEZ3ZNY","AWSRoboMakerServicePolicy","11/26/18 12:30:08 AM"
"arn:aws:iam::aws:policy/PowerUserAccess","0","2/6/15 12:39:47 PM","v3",,"True","/","0","ANPAJYRXTHIB4FOVS3ZXS","PowerUserAccess","11/14/17 4:39:11 PM"
"arn:aws:iam::aws:policy/aws-service-role/AWSApplicationAutoScalingCustomResourcePolicy","0","6/4/18 6:22:44 PM","v1",,"True","/aws-service-role/","0","ANPAJYTKXPX6DO32Z4XXA","AWSApplicationAutoScalingCustomResourcePolicy","6/4/18 6:22:44 PM"
"arn:aws:iam::aws:policy/GlobalAcceleratorReadOnlyAccess","0","11/26/18 8:41:00 PM","v1",,"True","/","0","ANPAJYXHGCVENJKQZRNGU","GlobalAcceleratorReadOnlyAccess","11/26/18 8:41:00 PM"
"arn:aws:iam::aws:policy/AmazonSageMakerFullAccess","0","11/29/17 7:07:59 AM","v9",,"True","/","0","ANPAJZ5IWYMXO5QDB4QOG","AmazonSageMakerFullAccess","1/4/19 4:07:11 PM"
"arn:aws:iam::aws:policy/aws-service-role/WAFLoggingServiceRolePolicy","0","8/24/18 4:05:47 PM","v1",,"True","/aws-service-role/","0","ANPAJZ7N545GUNUHNTYOM","WAFLoggingServiceRolePolicy","8/24/18 4:05:47 PM"
"arn:aws:iam::aws:policy/service-role/AWSBackupServiceRolePolicyForRestores","0","1/11/19 6:23:54 PM","v2",,"True","/service-role/","0","ANPAJZCCL6F2WPVOUXZKI","AWSBackupServiceRolePolicyForRestores","1/14/19 1:37:08 PM"
"arn:aws:iam::aws:policy/AWSElementalMediaStoreFullAccess","0","3/5/18 5:15:31 PM","v1",,"True","/","0","ANPAJZFYFW2QXSNK7OH6Y","AWSElementalMediaStoreFullAccess","3/5/18 5:15:31 PM"
"arn:aws:iam::aws:policy/CloudWatchEventsFullAccess","0","1/14/16 12:37:08 PM","v1",,"True","/","0","ANPAJZLOYLNHESMYOJAFU","CloudWatchEventsFullAccess","1/14/16 12:37:08 PM"
"arn:aws:iam::aws:policy/aws-service-role/AWSLicenseManagerMemberAccountRolePolicy","0","11/26/18 1:04:32 PM","v1",,"True","/aws-service-role/","0","ANPAJZTYEY2LEGBYAVUY4","AWSLicenseManagerMemberAccountRolePolicy","11/26/18 1:04:32 PM"
"arn:aws:iam::aws:policy/AWSOrganizationsFullAccess","0","11/6/18 2:31:57 PM","v1",,"True","/","0","ANPAJZXBNRCJKNLQHSB5M","AWSOrganizationsFullAccess","11/6/18 2:31:57 PM"
"arn:aws:iam::aws:policy/aws-service-role/AWSSupportServiceRolePolicy","1","4/19/18 1:04:44 PM","v4",,"False","/aws-service-role/","0","ANPAJ7W6266ELXF5MISDS","AWSSupportServiceRolePolicy","2/6/19 12:06:11 PM"
